product_id,category,title,brand,price,description,tags,specs
laptop_0000,laptop,Inspiron 5330 Laptop,Dell,83090,"Dell Inspiron 5330 Laptop with 13th Gen Intel Core i5 1340P, 16GB RAM, 512GB storage, Intel Iris Xe Graphics, running Windows 11 OS.","[""laptop""]","{""processor"": ""13th Gen Intel Core i5 1340P"", ""cpu"": ""12 Cores (4P + 8E), 16 Threads"", ""ram"": ""16GB"", ""ram_type"": ""LPDDR5"", ""storage"": ""512GB"", ""storage_type"": ""SSD"", ""gpu"": ""Intel Iris Xe Graphics"", ""display_size"": 13.3, ""resolution"": ""2560.0x1600.0"", ""os"": ""Windows 11 OS"", ""warranty_years"": 1}"
laptop_0001,laptop,Pavilion 15s-fq5112TU Laptop,HP,57580,"HP Pavilion 15s-fq5112TU Laptop with 12th Gen Intel Core i5 1235U, 16GB RAM, 512GB storage, Intel Iris Xe Graphics, running Windows 11 OS.","[""laptop""]","{""processor"": ""12th Gen Intel Core i5 1235U"", ""cpu"": ""10 Cores (2P + 8E), 12 Threads"", ""ram"": ""16GB"", ""ram_type"": ""DDR4"", ""storage"": ""512GB"", ""storage_type"": ""SSD"", ""gpu"": ""Intel Iris Xe Graphics"", ""display_size"": 15.6, ""resolution"": ""1920.0x1080.0"", ""os"": ""Windows 11 OS"", ""warranty_years"": 1}"
laptop_0002,laptop,Vivobook 15X OLED M3504YA-LK552WS Laptop,Asus,58990,"Asus Vivobook 15X OLED M3504YA-LK552WS Laptop with 7th Gen AMD Ryzen 5 7530U, 16GB RAM, 1TB storage, Intel Iris Xe Graphics, running Windows 11 OS.","[""laptop""]","{""processor"": ""7th Gen AMD Ryzen 5 7530U"", ""cpu"": ""Hexa Core, 12 Threads"", ""ram"": ""16GB"", ""ram_type"": ""DDR4"", ""storage"": ""1TB"", ""storage_type"": ""SSD"", ""gpu"": ""Intel Iris Xe Graphics"", ""display_size"": 15.6, ""resolution"": ""1920.0x1080.0"", ""os"": ""Windows 11 OS"", ""warranty_years"": 1}"
laptop_0003,laptop,ROG Zephyrus G16 2023 GU603ZU-N3023WS Laptop,Asus,142990,"Asus ROG Zephyrus G16 2023 GU603ZU-N3023WS Laptop with 12th Gen Intel Core i7 12700H, 16GB RAM, 1TB storage, 6GB NVIDIA GeForce RTX 4050, running Windows 11 OS.","[""laptop""]","{""processor"": ""12th Gen Intel Core i7 12700H"", ""cpu"": ""14 Cores (6P + 8E), 20 Threads"", ""ram"": ""16GB"", ""ram_type"": ""DDR4"", ""storage"": ""1TB"", ""storage_type"": ""SSD"", ""gpu"": ""6GB NVIDIA GeForce RTX 4050"", ""display_size"": 16.0, ""resolution"": ""2560.0x1600.0"", ""os"": ""Windows 11 OS"", ""warranty_years"": 1}"
laptop_0004,laptop,LOQ 15IRH8 82XV00F5IN 2023 Gaming Laptop,Lenovo,74990,"Lenovo LOQ 15IRH8 82XV00F5IN 2023 Gaming Laptop with 12th Gen Intel Core i5 12450H, 16GB RAM, 512GB storage, 6GB NVIDIA GeForce RTX 3050, running Windows 11 OS.","[""gaming"", ""laptop""]","{""processor"": ""12th Gen Intel Core i5 12450H"", ""cpu"": ""Octa Core (4P + 4E), 12 Threads"", ""ram"": ""16GB"", ""ram_type"": ""DDR5"", ""storage"": ""512GB"", ""storage_type"": ""SSD"", ""gpu"": ""6GB NVIDIA GeForce RTX 3050"", ""display_size"": 15.6, ""resolution"": ""1920.0x1080.0"", ""os"": ""Windows 11 OS"", ""warranty_years"": 1}"
laptop_0005,laptop,Aspire 5 15 A515-58M Gaming Laptop,Acer,56990,"Acer Aspire 5 15 A515-58M Gaming Laptop with 13th Gen Intel Core i5 1335U, 16GB RAM, 512GB storage, 4GB NVIDIA GeForce RTX2050, running Windows 11 OS.","[""gaming"", ""laptop""]","{""processor"": ""13th Gen Intel Core i5 1335U"", ""cpu"": ""10 Cores (2P + 8E), 12 Threads"", ""ram"": ""16GB"", ""ram_type"": ""LPDDR5"", ""storage"": ""512GB"", ""storage_type"": ""SSD"", ""gpu"": ""4GB NVIDIA GeForce RTX2050"", ""display_size"": 15.6, ""resolution"": ""1920.0x1080.0"", ""os"": ""Windows 11 OS"", ""warranty_years"": 1}"
laptop_0006,laptop,Ideapad Flex 5i 14IAU7 82R70067IN Laptop,Lenovo,53990,"Lenovo Ideapad Flex 5i 14IAU7 82R70067IN Laptop with 12th Gen Intel Core i3 1215U, 8GB RAM, 512GB storage, Intel Integrated UHD, running Windows 11 OS.","[""laptop""]","{""processor"": ""12th Gen Intel Core i3 1215U"", ""cpu"": ""Hexa Core (2P + 4E), 8 Threads"", ""ram"": ""8GB"", ""ram_type"": ""LPDDR4"", ""storage"": ""512GB"", ""storage_type"": ""SSD"", ""gpu"": ""Intel Integrated UHD"", ""display_size"": 14.0, ""resolution"": ""1920.0x1080.0"", ""os"": ""Windows 11 OS"", ""warranty_years"": 1}"
laptop_0007,laptop,15-fd0011TU Laptop,HP,57990,"HP 15-fd0011TU Laptop with 13th Gen Intel Core i5 1335U, 8GB RAM, 512GB storage, Intel Integrated Integrated, running Windows 11 OS.","[""laptop""]","{""processor"": ""13th Gen Intel Core i5 1335U"", ""cpu"": ""10 Cores (2P + 8E), 12 Threads"", ""ram"": ""8GB"", ""ram_type"": ""DDR4"", ""storage"": ""512GB"", ""storage_type"": ""SSD"", ""gpu"": ""Intel Integrated Integrated"", ""display_size"": 15.6, ""resolution"": ""1920.0x1080.0"", ""os"": ""Windows 11 OS"", ""warranty_years"": 1}"
laptop_0008,laptop,Vivobook S14 OLED S3402ZA-KM501WS Laptop,Asus,72490,"Asus Vivobook S14 OLED S3402ZA-KM501WS Laptop with 12th Gen Intel Core i5 12500H, 16GB RAM, 512GB storage, Intel Iris Xe Graphics, running Windows 11 OS.","[""laptop""]","{""processor"": ""12th Gen Intel Core i5 12500H"", ""cpu"": ""12 Cores (4P + 8E), 16 Threads"", ""ram"": ""16GB"", ""ram_type"": ""DDR4"", ""storage"": ""512GB"", ""storage_type"": ""SSD"", ""gpu"": ""Intel Iris Xe Graphics"", ""display_size"": 14.0, ""resolution"": ""2880.0x1800.0"", ""os"": ""Windows 11 OS"", ""warranty_years"": 1}"
laptop_0009,laptop,Chromebook 15a-na0012TU Laptop,HP,23990,"HP Chromebook 15a-na0012TU Laptop with Intel Celeron  N4500, 4GB RAM, 128GB storage, Intel Integrated UHD Graphics, running Chrome OS.","[""laptop""]","{""processor"": ""Intel Celeron  N4500"", ""cpu"": ""Dual Core, 2 Threads"", ""ram"": ""4GB"", ""ram_type"": ""LPDDR4x"", ""storage"": ""128GB"", ""storage_type"": ""Hard-Disk"", ""gpu"": ""Intel Integrated UHD Graphics"", ""display_size"": 15.6, ""resolution"": ""1366.0x768.0"", ""os"": ""Chrome OS"", ""warranty_years"": 1}"
laptop_0010,laptop,Aspire 3 A315-24P NX.KDESI.003 Laptop,Acer,27990,"Acer Aspire 3 A315-24P NX.KDESI.003 Laptop with 7th Gen AMD Ryzen 3 7320U, 8GB RAM, 512GB storage, AMD Radeon Graphiics, running Windows 11 OS.","[""laptop""]","{""processor"": ""7th Gen AMD Ryzen 3 7320U"", ""cpu"": ""Quad Core, 8 Threads"", ""ram"": ""8GB"", ""ram_type"": ""LPDDR5"", ""storage"": ""512GB"", ""storage_type"": ""SSD"", ""gpu"": ""AMD Radeon Graphiics"", ""display_size"": 15.6, ""resolution"": ""1920.0x1080.0"", ""os"": ""Windows 11 OS"", ""warranty_years"": 1}"
laptop_0011,laptop,Vector GP68HX 13VH-072IN Gaming Laptop,MSI,284990,"MSI Vector GP68HX 13VH-072IN Gaming Laptop with 13th Gen Intel Core i9 13980HX, 32GB RAM, 1TB storage, 12GB NVIDIA GeForce RTX 4080, running Windows 11 OS.","[""gaming"", ""laptop""]","{""processor"": ""13th Gen Intel Core i9 13980HX"", ""cpu"": ""24 Cores (8P + 16E), 32 Threads"", ""ram"": ""32GB"", ""ram_type"": ""DDR5"", ""storage"": ""1TB"", ""storage_type"": ""SSD"", ""gpu"": ""12GB NVIDIA GeForce RTX 4080"", ""display_size"": 16.0, ""resolution"": ""2560.0x1600.0"", ""os"": ""Windows 11 OS"", ""warranty_years"": 2}"
laptop_0012,laptop,Aspire Lite 15 AL15-51 2023  Laptop,Acer,45999,"Acer Aspire Lite 15 AL15-51 2023  Laptop with 11th Gen Intel Core i5 1155G7, 16GB RAM, 1TB storage, Intel Iris Xe Graphics, running Windows 11 OS.","[""laptop""]","{""processor"": ""11th Gen Intel Core i5 1155G7"", ""cpu"": ""Quad Core, 8 Threads"", ""ram"": ""16GB"", ""ram_type"": ""DDR4"", ""storage"": ""1TB"", ""storage_type"": ""SSD"", ""gpu"": ""Intel Iris Xe Graphics"", ""display_size"": 15.6, ""resolution"": ""1920.0x1080.0"", ""os"": ""Windows 11 OS"", ""warranty_years"": 1}"
laptop_0013,laptop,TravelMate P2 TMP214-53 Business Laptop,Acer,56990,"Acer TravelMate P2 TMP214-53 Business Laptop with 11th Gen Intel Core i7 1165G7, 16GB RAM, 1TB storage, Intel Integrated Iris Xe, running Windows 11 OS.","[""business"", ""laptop""]","{""processor"": ""11th Gen Intel Core i7 1165G7"", ""cpu"": ""Quad Core, 8 Threads"", ""ram"": ""16GB"", ""ram_type"": ""DDR4"", ""storage"": ""1TB"", ""storage_type"": ""SSD"", ""gpu"": ""Intel Integrated Iris Xe"", ""display_size"": 14.0, ""resolution"": ""1920.0x1080.0"", ""os"": ""Windows 11 OS"", ""warranty_years"": 1}"
laptop_0014,laptop,Bravo 15 B5ED-035IN Gaming Laptop,MSI,62990,"MSI Bravo 15 B5ED-035IN Gaming Laptop with 5th Gen AMD Ryzen 7 5800H, 16GB RAM, 512GB storage, 4GB AMD Radeon RX6500M, running Windows 11 OS.","[""gaming"", ""laptop""]","{""processor"": ""5th Gen AMD Ryzen 7 5800H"", ""cpu"": ""Octa Core, 16 Threads"", ""ram"": ""16GB"", ""ram_type"": ""DDR4"", ""storage"": ""512GB"", ""storage_type"": ""SSD"", ""gpu"": ""4GB AMD Radeon RX6500M"", ""display_size"": 15.6, ""resolution"": ""1920.0x1080.0"", ""os"": ""Windows 11 OS"", ""warranty_years"": 1}"
laptop_0015,laptop,V15 G3 ‎‎82C7007SGE Laptop,Lenovo,31990,"Lenovo V15 G3 ‎‎82C7007SGE Laptop with 7th Gen AMD Ryzen 3 7320U, 8GB RAM, 512GB storage, AMD Radeon Graphics, running Windows 11 OS.","[""laptop""]","{""processor"": ""7th Gen AMD Ryzen 3 7320U"", ""cpu"": ""Quad Core, 8 Threads"", ""ram"": ""8GB"", ""ram_type"": ""DDR4"", ""storage"": ""512GB"", ""storage_type"": ""SSD"", ""gpu"": ""AMD Radeon Graphics"", ""display_size"": 15.6, ""resolution"": ""1920.0x1080.0"", ""os"": ""Windows 11 OS"", ""warranty_years"": 1}"
laptop_0016,laptop,Vivobook 16 2023 X1605VA-MB957WS Laptop,Asus,95689,"Asus Vivobook 16 2023 X1605VA-MB957WS Laptop with 13th Gen Intel Core i9 13900H, 16GB RAM, 1TB storage, Integrated Intel Iris Xe Graphics, running Windows 11 OS.","[""laptop""]","{""processor"": ""13th Gen Intel Core i9 13900H"", ""cpu"": ""14 Cores (6P + 8E), 20 Threads"", ""ram"": ""16GB"", ""ram_type"": ""DDR4"", ""storage"": ""1TB"", ""storage_type"": ""SSD"", ""gpu"": ""Integrated Intel Iris Xe Graphics"", ""display_size"": 16.0, ""resolution"": ""1920.0x1200.0"", ""os"": ""Windows 11 OS"", ""warranty_years"": 1}"
laptop_0017,laptop,Aspire 5 15 A515-58M Gaming Laptop,Acer,54990,"Acer Aspire 5 15 A515-58M Gaming Laptop with 13th Gen Intel Core i5 1335U, 16GB RAM, 512GB storage, 4GB NVIDIA GeForce RTX2050, running Windows 11 OS.","[""gaming"", ""laptop""]","{""processor"": ""13th Gen Intel Core i5 1335U"", ""cpu"": ""10 Cores (2P + 8E), 12 Threads"", ""ram"": ""16GB"", ""ram_type"": ""LPDDR5"", ""storage"": ""512GB"", ""storage_type"": ""SSD"", ""gpu"": ""4GB NVIDIA GeForce RTX2050"", ""display_size"": 15.6, ""resolution"": ""1920.0x1080.0"", ""os"": ""Windows 11 OS"", ""warranty_years"": 1}"
laptop_0018,laptop,Vivobook 15X 2023 K3504VAB-NJ321WS Laptop,Asus,44990,"Asus Vivobook 15X 2023 K3504VAB-NJ321WS Laptop with 13th Gen ‎Intel Core i3 1315U, 8GB RAM, 512GB storage, Integrated Intel UHD Graphics, running Windows 11 OS.","[""laptop""]","{""processor"": ""13th Gen \u200eIntel Core i3 1315U"", ""cpu"": ""Hexa Core (2P + 4E), 8 Threads"", ""ram"": ""8GB"", ""ram_type"": ""DDR4"", ""storage"": ""512GB"", ""storage_type"": ""SSD"", ""gpu"": ""Integrated Intel UHD Graphics"", ""display_size"": 15.6, ""resolution"": ""1920.0x1080.0"", ""os"": ""Windows 11 OS"", ""warranty_years"": 1}"
laptop_0019,laptop,CX1101CMA-GJ0004 Chromebook,Asus,10990,"Asus CX1101CMA-GJ0004 Chromebook with Intel Celeron  N4020, 4GB RAM, 32GB storage, Intel UHD Graphics 600, running Chrome OS.","[""laptop""]","{""processor"": ""Intel Celeron  N4020"", ""cpu"": ""Dual Core, 2 Threads"", ""ram"": ""4GB"", ""ram_type"": ""LPDDR4"", ""storage"": ""32GB"", ""storage_type"": ""Hard-Disk"", ""gpu"": ""Intel UHD Graphics 600"", ""display_size"": 11.6, ""resolution"": ""1366.0x768.0"", ""os"": ""Chrome OS"", ""warranty_years"": 1}"
laptop_0020,laptop,ThinkBook 15 21JF002CIN Laptop,Lenovo,34499,"Lenovo ThinkBook 15 21JF002CIN Laptop with 7th Gen AMD Ryzen 3 7330U, 8GB RAM, 512GB storage, AMD Radeon AMD, running DOS OS.","[""ultrabook"", ""laptop""]","{""processor"": ""7th Gen AMD Ryzen 3 7330U"", ""cpu"": ""Quad Core, 8 Threads"", ""ram"": ""8GB"", ""ram_type"": ""DDR4"", ""storage"": ""512GB"", ""storage_type"": ""SSD"", ""gpu"": ""AMD Radeon AMD"", ""display_size"": 15.6, ""resolution"": ""1920.0x1080.0"", ""os"": ""DOS OS"", ""warranty_years"": 1}"
laptop_0021,laptop,15s-eq1559AU Laptop,HP,29990,"HP 15s-eq1559AU Laptop with 3rd Gen AMD Athlon Silver 3050U, 8GB RAM, 512GB storage, AMD Radeon Graphics, running Windows 11 OS.","[""laptop""]","{""processor"": ""3rd Gen AMD Athlon Silver 3050U"", ""cpu"": ""Dual Core, 2 Threads"", ""ram"": ""8GB"", ""ram_type"": ""DDR4"", ""storage"": ""512GB"", ""storage_type"": ""SSD"", ""gpu"": ""AMD Radeon Graphics"", ""display_size"": 15.6, ""resolution"": ""1366.0x768.0"", ""os"": ""Windows 11 OS"", ""warranty_years"": 1}"
laptop_0022,laptop,Vivobook Pro 15 OLED M3500QC-L1502WS Gaming Laptop,Asus,72990,"Asus Vivobook Pro 15 OLED M3500QC-L1502WS Gaming Laptop with 5th Gen AMD Ryzen 5 5600H, 16GB RAM, 512GB storage, 4GB NVIDIA GeForce RTX 3050, running Windows 11 OS.","[""gaming"", ""laptop""]","{""processor"": ""5th Gen AMD Ryzen 5 5600H"", ""cpu"": ""Hexa Core, 12 Threads"", ""ram"": ""16GB"", ""ram_type"": ""DDR4"", ""storage"": ""512GB"", ""storage_type"": ""SSD"", ""gpu"": ""4GB NVIDIA GeForce RTX 3050"", ""display_size"": 15.6, ""resolution"": ""1920.0x1080.0"", ""os"": ""Windows 11 OS"", ""warranty_years"": 1}"
laptop_0023,laptop,Legion Slim 5 82Y9009KIN Gaming Laptop,Lenovo,112990,"Lenovo Legion Slim 5 82Y9009KIN Gaming Laptop with 7th Gen AMD Ryzen 7 7840HS, 16GB RAM, 512GB storage, 6GB NVIDIA GeForce RTX 4050, running Windows 11 OS.","[""gaming"", ""laptop""]","{""processor"": ""7th Gen AMD Ryzen 7 7840HS"", ""cpu"": ""Octa Core, 16 Threads"", ""ram"": ""16GB"", ""ram_type"": ""DDR5"", ""storage"": ""512GB"", ""storage_type"": ""SSD"", ""gpu"": ""6GB NVIDIA GeForce RTX 4050"", ""display_size"": 16.0, ""resolution"": ""1920.0x1200.0"", ""os"": ""Windows 11 OS"", ""warranty_years"": 1}"
laptop_0024,laptop,Chromebook CB314-3H NX.K04SI.008 Laptop,Acer,26920,"Acer Chromebook CB314-3H NX.K04SI.008 Laptop with Intel Celeron N4500, 8GB RAM, 64GB storage, Intel Integrated UHD, running Chrome OS.","[""laptop""]","{""processor"": ""Intel Celeron N4500"", ""cpu"": ""Dual Core, 2 Threads"", ""ram"": ""8GB"", ""ram_type"": ""LPDDR4X"", ""storage"": ""64GB"", ""storage_type"": ""SSD"", ""gpu"": ""Intel Integrated UHD"", ""display_size"": 14.0, ""resolution"": ""1080.0x1920.0"", ""os"": ""Chrome OS"", ""warranty_years"": 1}"
laptop_0025,laptop,Legion Slim 5 16APH8 82Y90042IN Gaming Laptop,Lenovo,127990,"Lenovo Legion Slim 5 16APH8 82Y90042IN Gaming Laptop with 7th Gen AMD Ryzen 7 7840HS, 16GB RAM, 512GB storage, 8GB NVIDIA GeForce RTX 4060, running Windows 11 OS.","[""gaming"", ""laptop""]","{""processor"": ""7th Gen AMD Ryzen 7 7840HS"", ""cpu"": ""Octa Core, 16 Threads"", ""ram"": ""16GB"", ""ram_type"": ""DDR5"", ""storage"": ""512GB"", ""storage_type"": ""SSD"", ""gpu"": ""8GB NVIDIA GeForce RTX 4060"", ""display_size"": 16.0, ""resolution"": ""2560.0x1600.0"", ""os"": ""Windows 11 OS"", ""warranty_years"": 1}"
laptop_0026,laptop,IdeaPad Gaming 3 82SB00V2IN Laptop,Lenovo,56889,"Lenovo IdeaPad Gaming 3 82SB00V2IN Laptop with 6th Gen AMD Ryzen 5 6600H, 8GB RAM, 512GB storage, 4GB NVIDIA GeForce RTX 3050, running Windows 11 OS.","[""gaming"", ""laptop""]","{""processor"": ""6th Gen AMD Ryzen 5 6600H"", ""cpu"": ""Hexa Core, 12 Threads"", ""ram"": ""8GB"", ""ram_type"": ""DDR4"", ""storage"": ""512GB"", ""storage_type"": ""SSD"", ""gpu"": ""4GB NVIDIA GeForce RTX 3050"", ""display_size"": 15.6, ""resolution"": ""1920.0x1080.0"", ""os"": ""Windows 11 OS"", ""warranty_years"": 1}"
laptop_0027,laptop,Creator Z17 HX Studio A13V Laptop,MSI,247999,"MSI Creator Z17 HX Studio A13V Laptop with 13th Gen Intel Core i9 13900H, 32GB RAM, 1TB storage, 8GB NVIDIA GeForce RTX 4070, running Windows 11 OS.","[""laptop""]","{""processor"": ""13th Gen Intel Core i9 13900H"", ""cpu"": ""14 Cores (6P + 8E), 20 Threads"", ""ram"": ""32GB"", ""ram_type"": ""DDR5"", ""storage"": ""1TB"", ""storage_type"": ""SSD"", ""gpu"": ""8GB NVIDIA GeForce RTX 4070"", ""display_size"": 17.0, ""resolution"": ""2560.0x1600.0"", ""os"": ""Windows 11 OS"", ""warranty_years"": 3}"
laptop_0028,laptop,Inspiron 5430 Laptop,Dell,84490,"Dell Inspiron 5430 Laptop with 13th Gen Intel Core i7 1360P, 16GB RAM, 1TB storage, Intel Iris Xe Graphics, running Windows 11 OS.","[""laptop""]","{""processor"": ""13th Gen Intel Core i7 1360P"", ""cpu"": ""12 Cores (4P + 8E), 16 Threads"", ""ram"": ""16GB"", ""ram_type"": ""LPDDR5"", ""storage"": ""1TB"", ""storage_type"": ""SSD"", ""gpu"": ""Intel Iris Xe Graphics"", ""display_size"": 14.0, ""resolution"": ""1920.0x1200.0"", ""os"": ""Windows 11 OS"", ""warranty_years"": 1}"
laptop_0029,laptop,Nitro 5 AN515-47 NH.QL3SI.001 Gaming Laptop,Acer,64990,"Acer Nitro 5 AN515-47 NH.QL3SI.001 Gaming Laptop with 7th Gen AMD Ryzen 5 7535HS, 8GB RAM, 512GB storage, 4GB NVIDIA GeForce RTX 3050, running Windows 11 OS.","[""gaming"", ""laptop""]","{""processor"": ""7th Gen AMD Ryzen 5 7535HS"", ""cpu"": ""Hexa Core, 12 Threads"", ""ram"": ""8GB"", ""ram_type"": ""DDR5"", ""storage"": ""512GB"", ""storage_type"": ""SSD"", ""gpu"": ""4GB NVIDIA GeForce RTX 3050"", ""display_size"": 15.6, ""resolution"": ""1920.0x1080.0"", ""os"": ""Windows 11 OS"", ""warranty_years"": 1}"
laptop_0030,laptop,Vostro 3530 Laptop,Dell,61990,"Dell Vostro 3530 Laptop with 13th Gen Intel Core i5 1335U, 8GB RAM, 512GB storage, Intel Integrated Graphics , running Windows 11 OS.","[""laptop""]","{""processor"": ""13th Gen Intel Core i5 1335U"", ""cpu"": ""10 Cores (2P + 8E), 12 Threads"", ""ram"": ""8GB"", ""ram_type"": ""DDR4"", ""storage"": ""512GB"", ""storage_type"": ""SSD"", ""gpu"": ""Intel Integrated Graphics "", ""display_size"": 15.6, ""resolution"": ""1920.0x1080.0"", ""os"": ""Windows 11 OS"", ""warranty_years"": 1}"
laptop_0031,laptop,Galaxy Book 3 Ultra NP960XFH-XA1IN Laptop,Samsung,281990,"Samsung Galaxy Book 3 Ultra NP960XFH-XA1IN Laptop with 13th Gen Intel Core i9 13900H, 32GB RAM, 1TB storage, NVIDIA GeForce RTX 4070, running Windows 11 OS.","[""laptop""]","{""processor"": ""13th Gen Intel Core i9 13900H"", ""cpu"": ""14 Cores (6P + 8E), 20 Threads"", ""ram"": ""32GB"", ""ram_type"": ""LPDDR5"", ""storage"": ""1TB"", ""storage_type"": ""SSD"", ""gpu"": ""NVIDIA GeForce RTX 4070"", ""display_size"": 16.0, ""resolution"": ""2880.0x1800.0"", ""os"": ""Windows 11 OS"", ""warranty_years"": 1}"
laptop_0032,laptop,Cyborg 15 A12VF-049IN Gaming Laptop,MSI,111990,"MSI Cyborg 15 A12VF-049IN Gaming Laptop with 12th Gen Intel Core i7 12650H, 16GB RAM, 512GB storage, 8GB NVIDIA GeForce RTX 4060, running Windows 11 OS.","[""gaming"", ""laptop""]","{""processor"": ""12th Gen Intel Core i7 12650H"", ""cpu"": ""10 Cores (6P + 4E), 16 Threads"", ""ram"": ""16GB"", ""ram_type"": ""DDR5"", ""storage"": ""512GB"", ""storage_type"": ""SSD"", ""gpu"": ""8GB NVIDIA GeForce RTX 4060"", ""display_size"": 15.6, ""resolution"": ""1920.0x1080.0"", ""os"": ""Windows 11 OS"", ""warranty_years"": 2}"
laptop_0033,laptop,15s-fy5007TU Laptop,HP,51999,"HP 15s-fy5007TU Laptop with 12th Gen Intel Core i5 1235U, 8GB RAM, 512GB storage, Intel Integrated UHD, running Windows 11 OS.","[""laptop""]","{""processor"": ""12th Gen Intel Core i5 1235U"", ""cpu"": ""10 Cores (2P + 8E), 12 Threads"", ""ram"": ""8GB"", ""ram_type"": ""DDR4"", ""storage"": ""512GB"", ""storage_type"": ""SSD"", ""gpu"": ""Intel Integrated UHD"", ""display_size"": 15.6, ""resolution"": ""1920.0x1080.0"", ""os"": ""Windows 11 OS"", ""warranty_years"": 1}"
laptop_0034,laptop,TUF Gaming A15 2022 FA577RE-HN055WS Gaming Laptop,Asus,80900,"Asus TUF Gaming A15 2022 FA577RE-HN055WS Gaming Laptop with 6th Gen AMD Ryzen 7 6800H , 16GB RAM, 512GB storage, 4GB NVIDIA GeForce RTX 3050 Ti, running Windows 11 OS.","[""gaming"", ""laptop""]","{""processor"": ""6th Gen AMD Ryzen 7 6800H "", ""cpu"": ""Octa Core, 16 Threads"", ""ram"": ""16GB"", ""ram_type"": ""DDR5"", ""storage"": ""512GB"", ""storage_type"": ""SSD"", ""gpu"": ""4GB NVIDIA GeForce RTX 3050 Ti"", ""display_size"": 15.6, ""resolution"": ""1920.0x1080.0"", ""os"": ""Windows 11 OS"", ""warranty_years"": 1}"
laptop_0035,laptop,Vivobook Pro 15 M6500QC-HN751WS Laptop,Asus,74990,"Asus Vivobook Pro 15 M6500QC-HN751WS Laptop with 5th Gen AMD Ryzen 7 5800HS, 16GB RAM, 1TB storage, 4GB NVIDIA GeForce RTX 3050, running Windows 11 OS.","[""laptop""]","{""processor"": ""5th Gen AMD Ryzen 7 5800HS"", ""cpu"": ""Octa Core, 16 Threads"", ""ram"": ""16GB"", ""ram_type"": ""DDR4"", ""storage"": ""1TB"", ""storage_type"": ""SSD"", ""gpu"": ""4GB NVIDIA GeForce RTX 3050"", ""display_size"": 15.6, ""resolution"": ""1920.0x1080.0"", ""os"": ""Windows 11 OS"", ""warranty_years"": 1}"
laptop_0036,laptop,15s-fq2510tu Laptop,HP,49580,"HP 15s-fq2510tu Laptop with 11th Gen Intel Core i5 1135G7 , 16GB RAM, 512GB storage, Intel Iris Xe Graphics, running Windows 11 OS.","[""laptop""]","{""processor"": ""11th Gen Intel Core i5 1135G7 "", ""cpu"": ""Quad Core, 8 Threads"", ""ram"": ""16GB"", ""ram_type"": ""DDR4"", ""storage"": ""512GB"", ""storage_type"": ""SSD"", ""gpu"": ""Intel Iris Xe Graphics"", ""display_size"": 15.6, ""resolution"": ""1920.0x1080.0"", ""os"": ""Windows 11 OS"", ""warranty_years"": 1}"
laptop_0037,laptop,One 14 Z2-493 Laptop,Acer,25449,"Acer One 14 Z2-493 Laptop with 3rd Gen AMD Ryzen 3  3250U, 8GB RAM, 256GB storage, AMD Radeon Graphics, running Windows 11 OS.","[""laptop""]","{""processor"": ""3rd Gen AMD Ryzen 3  3250U"", ""cpu"": ""Dual Core, 4 Threads"", ""ram"": ""8GB"", ""ram_type"": ""DDR4"", ""storage"": ""256GB"", ""storage_type"": ""SSD"", ""gpu"": ""AMD Radeon Graphics"", ""display_size"": 14.0, ""resolution"": ""1366.0x768.0"", ""os"": ""Windows 11 OS"", ""warranty_years"": 1}"
laptop_0038,laptop,Vivobook Pro 15 M6500QF-HN741WS  Laptop,Asus,64990,"Asus Vivobook Pro 15 M6500QF-HN741WS  Laptop with 5th Gen AMD Ryzen 7 5800H, 16GB RAM, 512GB storage, 4GB NVIDIA GeForce RTX 2050, running Windows 11 OS.","[""laptop""]","{""processor"": ""5th Gen AMD Ryzen 7 5800H"", ""cpu"": ""Octa Core, 16 Threads"", ""ram"": ""16GB"", ""ram_type"": ""DDR4"", ""storage"": ""512GB"", ""storage_type"": ""SSD"", ""gpu"": ""4GB NVIDIA GeForce RTX 2050"", ""display_size"": 15.6, ""resolution"": ""1920.0x1080.0"", ""os"": ""Windows 11 OS"", ""warranty_years"": 1}"
laptop_0039,laptop,ZBook Studio G9 Workstation WQUXGA Laptop,HP,172588,"HP ZBook Studio G9 Workstation WQUXGA Laptop with 12th Gen Intel Core i7 12700H , 16GB RAM, 1TB storage, 6GB NVIDIA GeForce RTX 3060, running Windows 11 OS.","[""laptop""]","{""processor"": ""12th Gen Intel Core i7 12700H "", ""cpu"": ""14 Cores (6P + 8E), 20 Threads"", ""ram"": ""16GB"", ""ram_type"": ""DDR5"", ""storage"": ""1TB"", ""storage_type"": ""SSD"", ""gpu"": ""6GB NVIDIA GeForce RTX 3060"", ""display_size"": 16.0, ""resolution"": ""3840.0x2400.0"", ""os"": ""Windows 11 OS"", ""warranty_years"": 1}"
laptop_0040,laptop,LOQ 15IRH8 82XV00F4IN 2023 Gaming Laptop,Lenovo,64990,"Lenovo LOQ 15IRH8 82XV00F4IN 2023 Gaming Laptop with 12th Gen Intel Core i5 12450H, 16GB RAM, 512GB storage, 4GB NVIDIA GeForce RTX 2050, running Windows 11 OS.","[""gaming"", ""laptop""]","{""processor"": ""12th Gen Intel Core i5 12450H"", ""cpu"": ""Octa Core (4P + 4E), 12 Threads"", ""ram"": ""16GB"", ""ram_type"": ""DDR5"", ""storage"": ""512GB"", ""storage_type"": ""SSD"", ""gpu"": ""4GB NVIDIA GeForce RTX 2050"", ""display_size"": 15.6, ""resolution"": ""1920.0x1080.0"", ""os"": ""Windows 11 OS"", ""warranty_years"": 1}"
laptop_0041,laptop,15s-GR0012AU Laptop,HP,37290,"HP 15s-GR0012AU Laptop with 3rd Gen AMD Ryzen 3  3250U, 8GB RAM, 1TB storage, AMD Radeon Vega 6, running Windows 10 OS.","[""laptop""]","{""processor"": ""3rd Gen AMD Ryzen 3  3250U"", ""cpu"": ""Dual Core, 4 Threads"", ""ram"": ""8GB"", ""ram_type"": ""DDR4"", ""storage"": ""1TB"", ""storage_type"": ""Hard-Disk"", ""gpu"": ""AMD Radeon Vega 6"", ""display_size"": 15.6, ""resolution"": ""1920.0x1080.0"", ""os"": ""Windows 10 OS"", ""warranty_years"": 1}"
laptop_0042,laptop,LOQ 15IRH8 82XV00F6IN 2023 Gaming Laptop,Lenovo,87990,"Lenovo LOQ 15IRH8 82XV00F6IN 2023 Gaming Laptop with 12th Gen Intel Core i5 12450H, 16GB RAM, 512GB storage, 6GB NVIDIA GeForce RTX 4050, running Windows 11 OS.","[""gaming"", ""laptop""]","{""processor"": ""12th Gen Intel Core i5 12450H"", ""cpu"": ""Octa Core (4P + 4E), 12 Threads"", ""ram"": ""16GB"", ""ram_type"": ""DDR5"", ""storage"": ""512GB"", ""storage_type"": ""SSD"", ""gpu"": ""6GB NVIDIA GeForce RTX 4050"", ""display_size"": 15.6, ""resolution"": ""1920.0x1080.0"", ""os"": ""Windows 11 OS"", ""warranty_years"": 1}"
laptop_0043,laptop,ZBook Studio G9 2023 Workstation WQUXGA Laptop,HP,390914,"HP ZBook Studio G9 2023 Workstation WQUXGA Laptop with 12th Gen Intel Core i9 12900H, 32GB RAM, 1TB storage, 12GB NVIDIA GeForce RTX 3080 Ti, running Windows 11 OS.","[""laptop""]","{""processor"": ""12th Gen Intel Core i9 12900H"", ""cpu"": ""14 Cores (6P + 8E), 20 Threads"", ""ram"": ""32GB"", ""ram_type"": ""DDR5"", ""storage"": ""1TB"", ""storage_type"": ""SSD"", ""gpu"": ""12GB NVIDIA GeForce RTX 3080 Ti"", ""display_size"": 16.0, ""resolution"": ""3840.0x2400.0"", ""os"": ""Windows 11 OS"", ""warranty_years"": 1}"
laptop_0044,laptop,Galaxy Book 3 360 13 NP730QFG-KA3IN Laptop,Samsung,133990,"Samsung Galaxy Book 3 360 13 NP730QFG-KA3IN Laptop with 13th Gen Intel Core i7 1355U, 16GB RAM, 1TB storage, Intel Iris Xe Graphics, running Windows 11 OS.","[""laptop""]","{""processor"": ""13th Gen Intel Core i7 1355U"", ""cpu"": ""10 Cores (2P + 8E), 12 Threads"", ""ram"": ""16GB"", ""ram_type"": ""LPDDR4x"", ""storage"": ""1TB"", ""storage_type"": ""SSD"", ""gpu"": ""Intel Iris Xe Graphics"", ""display_size"": 13.3, ""resolution"": ""1920.0x1080.0"", ""os"": ""Windows 11 OS"", ""warranty_years"": 1}"
laptop_0045,laptop,Thin GF63 11UC-1490IN Gaming Laptop,MSI,57990,"MSI Thin GF63 11UC-1490IN Gaming Laptop with 11th Gen Intel Core i5 11260H, 16GB RAM, 1TB storage, 4GB NVIDIA GeForce RTX 3050, running Windows 11 OS.","[""gaming"", ""ultrabook"", ""laptop""]","{""processor"": ""11th Gen Intel Core i5 11260H"", ""cpu"": ""Hexa Core, 12 Threads"", ""ram"": ""16GB"", ""ram_type"": ""DDR4"", ""storage"": ""1TB"", ""storage_type"": ""Hard-Disk"", ""gpu"": ""4GB NVIDIA GeForce RTX 3050"", ""display_size"": 15.6, ""resolution"": ""1920.0x1080.0"", ""os"": ""Windows 11 OS"", ""warranty_years"": 1}"
laptop_0046,laptop,Aspire 7 A715-76G NH.QMFSI.004 Gaming Laptop,Acer,60990,"Acer Aspire 7 A715-76G NH.QMFSI.004 Gaming Laptop with 12th Gen Intel Core i5 12450H, 16GB RAM, 512GB storage, 4GB NVIDIA GeForce GTX 3050, running Windows 11 OS.","[""gaming"", ""laptop""]","{""processor"": ""12th Gen Intel Core i5 12450H"", ""cpu"": ""Octa Core (4P + 4E), 12 Threads"", ""ram"": ""16GB"", ""ram_type"": ""DDR4"", ""storage"": ""512GB"", ""storage_type"": ""SSD"", ""gpu"": ""4GB NVIDIA GeForce GTX 3050"", ""display_size"": 15.6, ""resolution"": ""1920.0x1080.0"", ""os"": ""Windows 11 OS"", ""warranty_years"": 1}"
laptop_0047,laptop,V15 G3 82TTA00VIH Laptop,Lenovo,33590,"Lenovo V15 G3 82TTA00VIH Laptop with 12th Gen Intel Core i3 1215U, 8GB RAM, 512GB storage, Intel Integrated UHD, running Windows 11 OS.","[""laptop""]","{""processor"": ""12th Gen Intel Core i3 1215U"", ""cpu"": ""Hexa Core (2P + 4E), 8 Threads"", ""ram"": ""8GB"", ""ram_type"": ""DDR4"", ""storage"": ""512GB"", ""storage_type"": ""SSD"", ""gpu"": ""Intel Integrated UHD"", ""display_size"": 15.6, ""resolution"": ""1920.0x1080.0"", ""os"": ""Windows 11 OS"", ""warranty_years"": 1}"
laptop_0048,laptop,Mi Notebook Ultra Laptop,Xiaomi,45989,"Xiaomi Mi Notebook Ultra Laptop with 11th Gen Intel Core i5 11300H , 8GB RAM, 512GB storage, Intel Iris Xe Graphics, running Windows 10  OS.","[""laptop""]","{""processor"": ""11th Gen Intel Core i5 11300H "", ""cpu"": ""Quad Core, 8 Threads"", ""ram"": ""8GB"", ""ram_type"": ""DDR4"", ""storage"": ""512GB"", ""storage_type"": ""SSD"", ""gpu"": ""Intel Iris Xe Graphics"", ""display_size"": 15.6, ""resolution"": ""3200.0x2000.0"", ""os"": ""Windows 10  OS"", ""warranty_years"": 1}"
laptop_0049,laptop,Victus 15-fb1018AX Gaming Laptop,HP,58990,"HP Victus 15-fb1018AX Gaming Laptop with 7th Gen Amd Ryzen 5 7535HS, 8GB RAM, 512GB storage, 4GB NVIDIA GeForce RTX 2050, running Windows 11 OS.","[""gaming"", ""laptop""]","{""processor"": ""7th Gen Amd Ryzen 5 7535HS"", ""cpu"": ""Hexa Core, 12 Threads"", ""ram"": ""8GB"", ""ram_type"": ""DDR5"", ""storage"": ""512GB"", ""storage_type"": ""SSD"", ""gpu"": ""4GB NVIDIA GeForce RTX 2050"", ""display_size"": 15.6, ""resolution"": ""1920.0x1080.0"", ""os"": ""Windows 11 OS"", ""warranty_years"": 1}"
laptop_0050,laptop,15s-FR2511TU Laptop,HP,37672,"HP 15s-FR2511TU Laptop with 11th Gen Intel Core i3 1115G4, 8GB RAM, 512GB storage, Intel UHD Graphics, running Windows 11 OS.","[""laptop""]","{""processor"": ""11th Gen Intel Core i3 1115G4"", ""cpu"": ""Dual Core, 4 Threads"", ""ram"": ""8GB"", ""ram_type"": ""DDR4"", ""storage"": ""512GB"", ""storage_type"": ""SSD"", ""gpu"": ""Intel UHD Graphics"", ""display_size"": 15.6, ""resolution"": ""1920.0x1080.0"", ""os"": ""Windows 11 OS"", ""warranty_years"": 1}"
laptop_0051,laptop,XPS 17 9730 Laptop,Dell,303490,"Dell XPS 17 9730 Laptop with 13th Gen Intel Core i7 13700H, 32GB RAM, 1TB storage, 8GB NVIDIA GeForce RTX 4060, running Windows 11 OS.","[""laptop""]","{""processor"": ""13th Gen Intel Core i7 13700H"", ""cpu"": ""14 Cores (6P + 8E), 20 Threads"", ""ram"": ""32GB"", ""ram_type"": ""DDR5"", ""storage"": ""1TB"", ""storage_type"": ""SSD"", ""gpu"": ""8GB NVIDIA GeForce RTX 4060"", ""display_size"": 17.0, ""resolution"": ""3840.0x2400.0"", ""os"": ""Windows 11 OS"", ""warranty_years"": 1}"
laptop_0052,laptop,Galaxy Book 3 NP750XFG-KA2IN Laptop,Samsung,74990,"Samsung Galaxy Book 3 NP750XFG-KA2IN Laptop with 13th Gen Intel Core i5 1335U, 16GB RAM, 512GB storage, Intel Iris Xe Graphics, running Windows 11 OS.","[""laptop""]","{""processor"": ""13th Gen Intel Core i5 1335U"", ""cpu"": ""10 Cores (2P + 8E), 12 Threads"", ""ram"": ""16GB"", ""ram_type"": ""LPDDR4x"", ""storage"": ""512GB"", ""storage_type"": ""SSD"", ""gpu"": ""Intel Iris Xe Graphics"", ""display_size"": 15.6, ""resolution"": ""1920.0x1080.0"", ""os"": ""Windows 11 OS"", ""warranty_years"": 1}"
laptop_0053,laptop,Pavilion 14-dv1043TU Laptop,HP,58990,"HP Pavilion 14-dv1043TU Laptop with 11th Gen Intel Core i5 1155G7, 8GB RAM, 512GB storage, Intel Integrated Iris Xe, running Windows 11 OS.","[""laptop""]","{""processor"": ""11th Gen Intel Core i5 1155G7"", ""cpu"": ""Quad Core, 8 Threads"", ""ram"": ""8GB"", ""ram_type"": ""DDR4"", ""storage"": ""512GB"", ""storage_type"": ""SSD"", ""gpu"": ""Intel Integrated Iris Xe"", ""display_size"": 14.0, ""resolution"": ""1920.0x1080.0"", ""os"": ""Windows 11 OS"", ""warranty_years"": 1}"
laptop_0054,laptop,Zenbook Flip 14 OLED UP5401ZA-KU741WS Laptop,Asus,94990,"Asus Zenbook Flip 14 OLED UP5401ZA-KU741WS Laptop with 12th Gen Intel Core i7 12700H, 16GB RAM, 512GB storage, Intel Integrated Iris Xe, running Windows 11 OS.","[""laptop""]","{""processor"": ""12th Gen Intel Core i7 12700H"", ""cpu"": ""14 Cores (6P + 8E), 20 Threads"", ""ram"": ""16GB"", ""ram_type"": ""LPDDR5"", ""storage"": ""512GB"", ""storage_type"": ""SSD"", ""gpu"": ""Intel Integrated Iris Xe"", ""display_size"": 14.0, ""resolution"": ""3840.0x2400.0"", ""os"": ""Windows 11 OS"", ""warranty_years"": 1}"
laptop_0055,laptop,VivoBook 15 X515MA-BR022WS Laptop,Asus,28099,"Asus VivoBook 15 X515MA-BR022WS Laptop with Intel Celeron N4020, 8GB RAM, 512GB storage, Intel Integrated UHD 600, running Windows OS.","[""laptop""]","{""processor"": ""Intel Celeron N4020"", ""cpu"": ""Dual Core, 2 Threads"", ""ram"": ""8GB"", ""ram_type"": ""DDR4"", ""storage"": ""512GB"", ""storage_type"": ""SSD"", ""gpu"": ""Intel Integrated UHD 600"", ""display_size"": 15.6, ""resolution"": ""1366.0x768.0"", ""os"": ""Windows OS"", ""warranty_years"": 1}"
laptop_0056,laptop,GF63 Thin 11UC-1294IN Gaming Laptop,MSI,65990,"MSI GF63 Thin 11UC-1294IN Gaming Laptop with 11th Gen Intel Core i7 11800H, 16GB RAM, 1TB storage, 4GB NVIDIA GeForce RTX 3050, running Windows 11 OS.","[""gaming"", ""ultrabook"", ""laptop""]","{""processor"": ""11th Gen Intel Core i7 11800H"", ""cpu"": ""Octa Core, 16 Threads"", ""ram"": ""16GB"", ""ram_type"": ""DDR4"", ""storage"": ""1TB"", ""storage_type"": ""Hard-Disk"", ""gpu"": ""4GB NVIDIA GeForce RTX 3050"", ""display_size"": 15.6, ""resolution"": ""1920.0x1080.0"", ""os"": ""Windows 11 OS"", ""warranty_years"": 1}"
laptop_0057,laptop,Modern 14 C11M-029IN Laptop,MSI,39990,"MSI Modern 14 C11M-029IN Laptop with 11th Gen Intel Core i5 1155G7, 16GB RAM, 512GB storage, Intel Integrated Iris Xe, running Windows 11 OS.","[""laptop""]","{""processor"": ""11th Gen Intel Core i5 1155G7"", ""cpu"": ""Quad Core, 8 Threads"", ""ram"": ""16GB"", ""ram_type"": ""DDR4"", ""storage"": ""512GB"", ""storage_type"": ""SSD"", ""gpu"": ""Intel Integrated Iris Xe"", ""display_size"": 14.0, ""resolution"": ""1920.0x1080.0"", ""os"": ""Windows 11 OS"", ""warranty_years"": 1}"
laptop_0058,laptop,Inspiron 3501 Laptop,Dell,52500,"Dell Inspiron 3501 Laptop with 11th Gen Intel Core i5 1135G7 , 8GB RAM, 1TB storage, Intel Iris Xe Graphics, running Windows 10 OS.","[""laptop""]","{""processor"": ""11th Gen Intel Core i5 1135G7 "", ""cpu"": ""Quad Core, 8 Threads"", ""ram"": ""8GB"", ""ram_type"": ""DDR4"", ""storage"": ""1TB"", ""storage_type"": ""Hard-Disk"", ""gpu"": ""Intel Iris Xe Graphics"", ""display_size"": 15.6, ""resolution"": ""1920.0x1080.0"", ""os"": ""Windows 10 OS"", ""warranty_years"": 1}"
laptop_0059,laptop,ROG Strix G16 2023 G614JJ-N3086WS Gaming Laptop,Asus,89990,"Asus ROG Strix G16 2023 G614JJ-N3086WS Gaming Laptop with 13th Gen Intel Core i5 13450HX, 16GB RAM, 512GB storage, 6GB NVIDIA GeForce RTX 3050, running Windows 11 OS.","[""gaming"", ""laptop""]","{""processor"": ""13th Gen Intel Core i5 13450HX"", ""cpu"": ""10 Cores (6P + 4E), 16 Threads"", ""ram"": ""16GB"", ""ram_type"": ""DDR5"", ""storage"": ""512GB"", ""storage_type"": ""SSD"", ""gpu"": ""6GB NVIDIA GeForce RTX 3050"", ""display_size"": 16.0, ""resolution"": ""1920.0x1200.0"", ""os"": ""Windows 11 OS"", ""warranty_years"": 1}"
laptop_0060,laptop,Zero Book Series ZL12 Laptop,Infinix,56990,"Infinix Zero Book Series ZL12 Laptop with 12th Gen Intel Core i5 12500H, 16GB RAM, 512GB storage, Intel Integrated Iris Xe, running Windows OS.","[""laptop""]","{""processor"": ""12th Gen Intel Core i5 12500H"", ""cpu"": ""12 Cores (4P + 8E), 16 Threads"", ""ram"": ""16GB"", ""ram_type"": ""LPDDR5"", ""storage"": ""512GB"", ""storage_type"": ""SSD"", ""gpu"": ""Intel Integrated Iris Xe"", ""display_size"": 15.6, ""resolution"": ""1920.0x1080.0"", ""os"": ""Windows OS"", ""warranty_years"": 1}"
laptop_0061,laptop,Pavilion 14s- fy1003AU Laptop,HP,45890,"HP Pavilion 14s- fy1003AU Laptop with 5th Gen AMD Ryzen 5  5500U , 16GB RAM, 512GB storage, AMD Radeon Graphics, running Windows 11 OS.","[""laptop""]","{""processor"": ""5th Gen AMD Ryzen 5  5500U "", ""cpu"": ""Hexa Core, 12 Threads"", ""ram"": ""16GB"", ""ram_type"": ""DDR4"", ""storage"": ""512GB"", ""storage_type"": ""SSD"", ""gpu"": ""AMD Radeon Graphics"", ""display_size"": 14.0, ""resolution"": ""1920.0x1080.0"", ""os"": ""Windows 11 OS"", ""warranty_years"": 1}"
laptop_0062,laptop,VivoBook 14 2022 X1402ZA-MW311WS Laptop,Asus,49990,"Asus VivoBook 14 2022 X1402ZA-MW311WS Laptop with 12th Gen Intel Core i3 1220P, 8GB RAM, 512GB storage, Intel Integrated UHD, running Windows 11 OS.","[""laptop""]","{""processor"": ""12th Gen Intel Core i3 1220P"", ""cpu"": ""10 Cores (2P + 8E), 12 Threads"", ""ram"": ""8GB"", ""ram_type"": ""DDR4"", ""storage"": ""512GB"", ""storage_type"": ""SSD"", ""gpu"": ""Intel Integrated UHD"", ""display_size"": 14.0, ""resolution"": ""1920.0x1080.0"", ""os"": ""Windows 11 OS"", ""warranty_years"": 1}"
laptop_0063,laptop,Predator Helios Neo 16 PHN16-71 2023 Gaming Laptop,Acer,129999,"Acer Predator Helios Neo 16 PHN16-71 2023 Gaming Laptop with 13th Gen Intel Core i7 13700HX, 16GB RAM, 1TB storage, 8GB NVIDIA GeForce RTX 4060, running Windows 11 OS.","[""gaming"", ""laptop""]","{""processor"": ""13th Gen Intel Core i7 13700HX"", ""cpu"": ""16 Cores (8P + 8E), 24 Threads"", ""ram"": ""16GB"", ""ram_type"": ""DDR5"", ""storage"": ""1TB"", ""storage_type"": ""SSD"", ""gpu"": ""8GB NVIDIA GeForce RTX 4060"", ""display_size"": 16.0, ""resolution"": ""2560.0x1600.0"", ""os"": ""Windows 11 OS"", ""warranty_years"": 1}"
laptop_0064,laptop,IdeaPad Gaming 3 15IHU6 82K101EDIN Laptop,Lenovo,47990,"Lenovo IdeaPad Gaming 3 15IHU6 82K101EDIN Laptop with 11th Gen Intel Core i5 11300H, 8GB RAM, 512GB storage, 4GB NVIDIA GeForce RTX 3050 Graphics, running Windows 11 OS.","[""gaming"", ""laptop""]","{""processor"": ""11th Gen Intel Core i5 11300H"", ""cpu"": ""Quad Core, 8 Threads"", ""ram"": ""8GB"", ""ram_type"": ""DDR4"", ""storage"": ""512GB"", ""storage_type"": ""SSD"", ""gpu"": ""4GB NVIDIA GeForce RTX 3050 Graphics"", ""display_size"": 15.6, ""resolution"": ""1920.0x1080.0"", ""os"": ""Windows 11 OS"", ""warranty_years"": 1}"
laptop_0065,laptop,Thinkbook 15 21DJ00EXIH Laptop,Lenovo,53990,"Lenovo Thinkbook 15 21DJ00EXIH Laptop with 12th Gen Intel Core i5 1235U, 8GB RAM, 512GB storage, Iris Xe Graphics, running Windows 11 OS.","[""ultrabook"", ""laptop""]","{""processor"": ""12th Gen Intel Core i5 1235U"", ""cpu"": ""10 Cores (2P + 8E), 12 Threads"", ""ram"": ""8GB"", ""ram_type"": ""DDR4"", ""storage"": ""512GB"", ""storage_type"": ""SSD"", ""gpu"": ""Iris Xe Graphics"", ""display_size"": 15.6, ""resolution"": ""1920.0x1080.0"", ""os"": ""Windows 11 OS"", ""warranty_years"": 1}"
laptop_0066,laptop,TUF Gaming F15 FX506HC-HN362WS Gaming Laptop,Asus,61990,"Asus TUF Gaming F15 FX506HC-HN362WS Gaming Laptop with 11th Gen Intel Core i5 11400H , 16GB RAM, 512GB storage, 4GB NVIDIA GeForce RTX 3050, running Windows 11 OS.","[""gaming"", ""laptop""]","{""processor"": ""11th Gen Intel Core i5 11400H "", ""cpu"": ""Hexa Core, 12 Threads"", ""ram"": ""16GB"", ""ram_type"": ""DDR4"", ""storage"": ""512GB"", ""storage_type"": ""SSD"", ""gpu"": ""4GB NVIDIA GeForce RTX 3050"", ""display_size"": 15.6, ""resolution"": ""1920.0x1080.0"", ""os"": ""Windows 11 OS"", ""warranty_years"": 1}"
laptop_0067,laptop,V15 82KDA00XIH Laptop,Lenovo,35490,"Lenovo V15 82KDA00XIH Laptop with 5th Gen AMD Ryzen 5 5500U, 8GB RAM, 512GB storage, AMD Radeon Graphics, running Windows 11 OS.","[""laptop""]","{""processor"": ""5th Gen AMD Ryzen 5 5500U"", ""cpu"": ""Hexa Core, 12 Threads"", ""ram"": ""8GB"", ""ram_type"": ""DDR4"", ""storage"": ""512GB"", ""storage_type"": ""SSD"", ""gpu"": ""AMD Radeon Graphics"", ""display_size"": 15.6, ""resolution"": ""1920.0x1080.0"", ""os"": ""Windows 11 OS"", ""warranty_years"": 1}"
laptop_0068,laptop,Vivobook 16X K3605VU-MB541WS Laptop,Asus,103221,"Asus Vivobook 16X K3605VU-MB541WS Laptop with 13th Gen Intel Core i5 13500H, 16GB RAM, 512GB storage, 6GB NVIDIA Geforce RTX 4050, running Windows 11 OS.","[""laptop""]","{""processor"": ""13th Gen Intel Core i5 13500H"", ""cpu"": ""12 Cores (4P + 8E), 16 Threads"", ""ram"": ""16GB"", ""ram_type"": ""DDR4"", ""storage"": ""512GB"", ""storage_type"": ""SSD"", ""gpu"": ""6GB NVIDIA Geforce RTX 4050"", ""display_size"": 16.0, ""resolution"": ""1920.0x1200.0"", ""os"": ""Windows 11 OS"", ""warranty_years"": 1}"
laptop_0069,laptop,IdeaPad Gaming 3 82K2028AIN Laptop,Lenovo,50990,"Lenovo IdeaPad Gaming 3 82K2028AIN Laptop with 5th Gen AMD Ryzen 5  5500H, 8GB RAM, 512GB storage, 4GB  NVIDIA GeForce RTX 2050, running Windows 11 OS.","[""gaming"", ""laptop""]","{""processor"": ""5th Gen AMD Ryzen 5  5500H"", ""cpu"": ""Quad Core, 8 Threads"", ""ram"": ""8GB"", ""ram_type"": ""DDR4"", ""storage"": ""512GB"", ""storage_type"": ""SSD"", ""gpu"": ""4GB  NVIDIA GeForce RTX 2050"", ""display_size"": 15.6, ""resolution"": ""1920.0x1080.0"", ""os"": ""Windows 11 OS"", ""warranty_years"": 1}"
laptop_0070,laptop,V14 G3 IAP Laptop,Lenovo,46990,"Lenovo V14 G3 IAP Laptop with 12th Gen Intel Core i5 1235U, 8GB RAM, 512GB storage, Intel Integrated UHD, running Windows 11 OS.","[""laptop""]","{""processor"": ""12th Gen Intel Core i5 1235U"", ""cpu"": ""10 Cores (2P + 8E), 12 Threads"", ""ram"": ""8GB"", ""ram_type"": ""DDR4"", ""storage"": ""512GB"", ""storage_type"": ""SSD"", ""gpu"": ""Intel Integrated UHD"", ""display_size"": 14.0, ""resolution"": ""1920.0x1080.0"", ""os"": ""Windows 11 OS"", ""warranty_years"": 1}"
laptop_0071,laptop,V15 G4 82YU00W6IN Laptop,Lenovo,27990,"Lenovo V15 G4 82YU00W6IN Laptop with 7th Gen AMD Ryzen 3 7320U, 8GB RAM, 512GB storage, AMD Radeon Graphics, running DOS OS.","[""laptop""]","{""processor"": ""7th Gen AMD Ryzen 3 7320U"", ""cpu"": ""Quad Core, 8 Threads"", ""ram"": ""8GB"", ""ram_type"": ""LPDDR5"", ""storage"": ""512GB"", ""storage_type"": ""SSD"", ""gpu"": ""AMD Radeon Graphics"", ""display_size"": 15.6, ""resolution"": ""1920.0x1080.0"", ""os"": ""DOS OS"", ""warranty_years"": 1}"
laptop_0072,laptop,Victus 15-fb0050AX Gaming Laptop,HP,63490,"HP Victus 15-fb0050AX Gaming Laptop with 5th Gen AMD Ryzen 5  5600H , 8GB RAM, 512GB storage, 4GB NVIDIA GeForce RTX 3050, running Windows 11 OS.","[""gaming"", ""laptop""]","{""processor"": ""5th Gen AMD Ryzen 5  5600H "", ""cpu"": ""Hexa Core, 12 Threads"", ""ram"": ""8GB"", ""ram_type"": ""DDR4"", ""storage"": ""512GB"", ""storage_type"": ""SSD"", ""gpu"": ""4GB NVIDIA GeForce RTX 3050"", ""display_size"": 15.6, ""resolution"": ""1920.0x1080.0"", ""os"": ""Windows 11 OS"", ""warranty_years"": 1}"
laptop_0073,laptop,Vayu Book LAP01 Laptop,AXL,12990,"AXL Vayu Book LAP01 Laptop with Intel Celeron  N4020, 4GB RAM, 128GB storage, Intel Integrated UHD Graphics, running Windows 11 OS.","[""laptop""]","{""processor"": ""Intel Celeron  N4020"", ""cpu"": ""Dual Core, 2 Threads"", ""ram"": ""4GB"", ""ram_type"": ""DDR4"", ""storage"": ""128GB"", ""storage_type"": ""SSD"", ""gpu"": ""Intel Integrated UHD Graphics"", ""display_size"": 14.1, ""resolution"": ""1920.0x1080.0"", ""os"": ""Windows 11 OS"", ""warranty_years"": 1}"
laptop_0074,laptop,Thinkbook 14 Gen 4 Laptop,Lenovo,63999,"Lenovo Thinkbook 14 Gen 4 Laptop with 12th Gen Intel Core i5 1235U, 16GB RAM, 1TB storage, Integrated Intel UHD Graphics, running Windows 11 OS.","[""ultrabook"", ""laptop""]","{""processor"": ""12th Gen Intel Core i5 1235U"", ""cpu"": ""10 Cores (2P + 8E), 12 Threads"", ""ram"": ""16GB"", ""ram_type"": ""DDR4"", ""storage"": ""1TB"", ""storage_type"": ""SSD"", ""gpu"": ""Integrated Intel UHD Graphics"", ""display_size"": 14.0, ""resolution"": ""1920.0x1080.0"", ""os"": ""Windows 11 OS"", ""warranty_years"": 1}"
laptop_0075,laptop,Vostro 3525 Laptop,Dell,42990,"Dell Vostro 3525 Laptop with 5th Gen AMD Ryzen 5 5500U, 8GB RAM, 512GB storage, AMD Radeon Graphics, running Windows 11 OS.","[""laptop""]","{""processor"": ""5th Gen AMD Ryzen 5 5500U"", ""cpu"": ""Hexa Core, 12 Threads"", ""ram"": ""8GB"", ""ram_type"": ""DDR4"", ""storage"": ""512GB"", ""storage_type"": ""SSD"", ""gpu"": ""AMD Radeon Graphics"", ""display_size"": 15.6, ""resolution"": ""1920.0x1080.0"", ""os"": ""Windows 11 OS"", ""warranty_years"": 1}"
laptop_0076,laptop,14-em0027AU Laptop,HP,51990,"HP 14-em0027AU Laptop with 7th Gen AMD Ryzen 5 7520U, 16GB RAM, 512GB storage, AMD Radeon AMD, running Windows 11 OS.","[""laptop""]","{""processor"": ""7th Gen AMD Ryzen 5 7520U"", ""cpu"": ""Quad Core, 8 Threads"", ""ram"": ""16GB"", ""ram_type"": ""LPDDR5"", ""storage"": ""512GB"", ""storage_type"": ""SSD"", ""gpu"": ""AMD Radeon AMD"", ""display_size"": 14.0, ""resolution"": ""1920.0x1080.0"", ""os"": ""Windows 11 OS"", ""warranty_years"": 1}"
laptop_0077,laptop,‎ThinkPad E14 Gen 4 21E3S06Q00 Laptop,Lenovo,46200,"Lenovo ‎ThinkPad E14 Gen 4 21E3S06Q00 Laptop with 12th Gen Intel Core i3 1215U, 8GB RAM, 512GB storage, Intel UHD, running DOS OS.","[""ultrabook"", ""laptop""]","{""processor"": ""12th Gen Intel Core i3 1215U"", ""cpu"": ""Hexa Core (2P + 4E), 8 Threads"", ""ram"": ""8GB"", ""ram_type"": ""DDR4"", ""storage"": ""512GB"", ""storage_type"": ""SSD"", ""gpu"": ""Intel UHD"", ""display_size"": 14.0, ""resolution"": ""1920.0x1080.0"", ""os"": ""DOS OS"", ""warranty_years"": 1}"
laptop_0078,laptop,Modern 15 B13M-291IN Laptop,MSI,45889,"MSI Modern 15 B13M-291IN Laptop with 13th Gen Intel Core i5 1335U, 8GB RAM, 512GB storage, Intel Integrated Iris Xe, running Windows 11 OS.","[""laptop""]","{""processor"": ""13th Gen Intel Core i5 1335U"", ""cpu"": ""10 Cores (2P + 8E), 12 Threads"", ""ram"": ""8GB"", ""ram_type"": ""DDR4"", ""storage"": ""512GB"", ""storage_type"": ""SSD"", ""gpu"": ""Intel Integrated Iris Xe"", ""display_size"": 15.6, ""resolution"": ""1920.0x1080.0"", ""os"": ""Windows 11 OS"", ""warranty_years"": 1}"
laptop_0079,laptop,IdeaPad Gaming 3 15IHU6 82K101PBIN Laptop,Lenovo,51990,"Lenovo IdeaPad Gaming 3 15IHU6 82K101PBIN Laptop with 11th Gen Intel Core i5 11320H, 8GB RAM, 512GB storage, 4GB NVIDIA GeForce RTX 2050, running Windows 11 OS.","[""gaming"", ""laptop""]","{""processor"": ""11th Gen Intel Core i5 11320H"", ""cpu"": ""Quad Core, 8 Threads"", ""ram"": ""8GB"", ""ram_type"": ""DDR4"", ""storage"": ""512GB"", ""storage_type"": ""SSD"", ""gpu"": ""4GB NVIDIA GeForce RTX 2050"", ""display_size"": 15.6, ""resolution"": ""1920.0x1080.0"", ""os"": ""Windows 11 OS"", ""warranty_years"": 1}"
laptop_0080,laptop,Victus15-fb0147AX Gaming Laptop,HP,47990,"HP Victus15-fb0147AX Gaming Laptop with 5th Gen AMD Ryzen 5  5600H, 8GB RAM, 512GB storage, 4GB AMD Radeon AMD Radeon RX 6500M, running Windows 11 OS.","[""gaming"", ""laptop""]","{""processor"": ""5th Gen AMD Ryzen 5  5600H"", ""cpu"": ""Hexa Core, 12 Threads"", ""ram"": ""8GB"", ""ram_type"": ""DDR4"", ""storage"": ""512GB"", ""storage_type"": ""SSD"", ""gpu"": ""4GB AMD Radeon AMD Radeon RX 6500M"", ""display_size"": 15.6, ""resolution"": ""1920.0x1080.0"", ""os"": ""Windows 11 OS"", ""warranty_years"": 1}"
laptop_0081,laptop,VivoBook 14 X415EA-EK344WS Notebook,Asus,35990,"Asus VivoBook 14 X415EA-EK344WS Notebook with 11th Gen Intel Core i3 1115G4, 16GB RAM, 512GB storage, Intel Integrated Intel UHD, running Windows 11 OS.","[""laptop""]","{""processor"": ""11th Gen Intel Core i3 1115G4"", ""cpu"": ""Dual Core, 4 Threads"", ""ram"": ""16GB"", ""ram_type"": ""DDR4"", ""storage"": ""512GB"", ""storage_type"": ""SSD"", ""gpu"": ""Intel Integrated Intel UHD"", ""display_size"": 14.0, ""resolution"": ""1920.0x1080.0"", ""os"": ""Windows 11 OS"", ""warranty_years"": 1}"
laptop_0082,laptop,G15-5530 Gaming Laptop,Dell,126790,"Dell G15-5530 Gaming Laptop with 13th Gen Intel Core i7 13650HX, 16GB RAM, 512GB storage, 6GB NVIDIA GeForce RTX 4050, running Windows 11 OS.","[""gaming"", ""laptop""]","{""processor"": ""13th Gen Intel Core i7 13650HX"", ""cpu"": ""14 Cores (6P + 8E)"", ""ram"": ""16GB"", ""ram_type"": ""DDR5"", ""storage"": ""512GB"", ""storage_type"": ""SSD"", ""gpu"": ""6GB NVIDIA GeForce RTX 4050"", ""display_size"": 15.6, ""resolution"": ""1920.0x1080.0"", ""os"": ""Windows 11 OS"", ""warranty_years"": 1}"
laptop_0083,laptop,Surface Laptop 3 1873,Microsoft,60490,"Microsoft Surface Laptop 3 1873 with 3rd Gen AMD Ryzen 5  3580U, 8GB RAM, 128GB storage, AMD Radeon Vega 9, running Windows 10 OS.","[""laptop""]","{""processor"": ""3rd Gen AMD Ryzen 5  3580U"", ""cpu"": ""Quad Core, 8 Threads"", ""ram"": ""8GB"", ""ram_type"": ""DDR4"", ""storage"": ""128GB"", ""storage_type"": ""SSD"", ""gpu"": ""AMD Radeon Vega 9"", ""display_size"": 15.0, ""resolution"": ""2496.0x1664.0"", ""os"": ""Windows 10 OS"", ""warranty_years"": 1}"
laptop_0084,laptop,Vivobook 15 X1502ZA-EJ953WS Laptop,Asus,39990,"Asus Vivobook 15 X1502ZA-EJ953WS Laptop with 12th Gen Intel Core i3 1215U, 8GB RAM, 512GB storage, Intel Iris Xe, running Windows 11 OS.","[""laptop""]","{""processor"": ""12th Gen Intel Core i3 1215U"", ""cpu"": ""Hexa Core (2P + 4E), 8 Threads"", ""ram"": ""8GB"", ""ram_type"": ""DDR4"", ""storage"": ""512GB"", ""storage_type"": ""SSD"", ""gpu"": ""Intel Iris Xe"", ""display_size"": 15.6, ""resolution"": ""1920.0x1080.0"", ""os"": ""Windows 11 OS"", ""warranty_years"": 1}"
laptop_0085,laptop,Galaxy Book2 Laptop,Samsung,78990,"Samsung Galaxy Book2 Laptop with 12th Gen Intel Core i5 1240P, 8GB RAM, 512GB storage, 4GB Intel Arc A350M Graphics, running Windows 11 OS.","[""laptop""]","{""processor"": ""12th Gen Intel Core i5 1240P"", ""cpu"": ""12 Cores (4P + 8E), 16 Threads"", ""ram"": ""8GB"", ""ram_type"": ""LPDDR4x"", ""storage"": ""512GB"", ""storage_type"": ""SSD"", ""gpu"": ""4GB Intel Arc A350M Graphics"", ""display_size"": 15.6, ""resolution"": ""1920.0x1080.0"", ""os"": ""Windows 11 OS"", ""warranty_years"": 1}"
laptop_0086,laptop,MacBook Pro 16 Laptop,Apple,201498,"Apple MacBook Pro 16 Laptop with 9th Gen Intel Core i9, 32GB RAM, 2TB storage, 4GB Radeon Pro 5500M, running Mac Catalina OS.","[""laptop""]","{""processor"": ""9th Gen Intel Core i9"", ""cpu"": ""Octa Core"", ""ram"": ""32GB"", ""ram_type"": ""DDR4"", ""storage"": ""2TB"", ""storage_type"": ""SSD"", ""gpu"": ""4GB Radeon Pro 5500M"", ""display_size"": 16.0, ""resolution"": ""3072.0x1920.0"", ""os"": ""Mac Catalina OS"", ""warranty_years"": 1}"
laptop_0087,laptop,V15 G3 IAP 82TTA00UIH Laptop,Lenovo,34099,"Lenovo V15 G3 IAP 82TTA00UIH Laptop with 12th Gen Intel Core i3 1215U, 8GB RAM, 512GB storage, Intel Integrated UHD, running DOS OS.","[""laptop""]","{""processor"": ""12th Gen Intel Core i3 1215U"", ""cpu"": ""Hexa Core (2P + 4E), 8 Threads"", ""ram"": ""8GB"", ""ram_type"": ""DDR4"", ""storage"": ""512GB"", ""storage_type"": ""SSD"", ""gpu"": ""Intel Integrated UHD"", ""display_size"": 15.6, ""resolution"": ""1920.0x1080.0"", ""os"": ""DOS OS"", ""warranty_years"": 1}"
laptop_0088,laptop,XPS 9530 2023 Laptop,Dell,278290,"Dell XPS 9530 2023 Laptop with 13th Gen Intel Core i7 13700H, 32GB RAM, 1TB storage, 6GB NVIDIA RTX 4050, running Windows 11 OS.","[""laptop""]","{""processor"": ""13th Gen Intel Core i7 13700H"", ""cpu"": ""14 Cores (6P + 8E), 20 Threads"", ""ram"": ""32GB"", ""ram_type"": ""DDR5"", ""storage"": ""1TB"", ""storage_type"": ""SSD"", ""gpu"": ""6GB NVIDIA RTX 4050"", ""display_size"": 15.6, ""resolution"": ""3456.0x2160.0"", ""os"": ""Windows 11 OS"", ""warranty_years"": 1}"
laptop_0089,laptop,ROG Strix G16 2023 G614JJ-N3088WS Gaming Laptop,Asus,94990,"Asus ROG Strix G16 2023 G614JJ-N3088WS Gaming Laptop with 13th Gen Intel Core i5 13450HX, 16GB RAM, 1TB storage, 6GB NVIDIA GeForce RTX 3050, running Windows 11 OS.","[""gaming"", ""laptop""]","{""processor"": ""13th Gen Intel Core i5 13450HX"", ""cpu"": ""10 Cores (6P + 4E), 16 Threads"", ""ram"": ""16GB"", ""ram_type"": ""DDR5"", ""storage"": ""1TB"", ""storage_type"": ""SSD"", ""gpu"": ""6GB NVIDIA GeForce RTX 3050"", ""display_size"": 16.0, ""resolution"": ""1920.0x1200.0"", ""os"": ""Windows 11 OS"", ""warranty_years"": 1}"
laptop_0090,laptop,Vivobook 16X 2023 K3605ZC-MB541WS Laptop,Asus,77990,"Asus Vivobook 16X 2023 K3605ZC-MB541WS Laptop with 12th Gen Intel Core i5 12450H, 16GB RAM, 512GB storage, 4GB NVIDIA GeForce RTX 3050, running Windows 11 OS.","[""laptop""]","{""processor"": ""12th Gen Intel Core i5 12450H"", ""cpu"": ""Octa Core (4P + 4E), 12 Threads"", ""ram"": ""16GB"", ""ram_type"": ""DDR4"", ""storage"": ""512GB"", ""storage_type"": ""SSD"", ""gpu"": ""4GB NVIDIA GeForce RTX 3050"", ""display_size"": 16.0, ""resolution"": ""1920.0x1200.0"", ""os"": ""Windows 11 OS"", ""warranty_years"": 1}"
laptop_0091,laptop,IdeaPad Gaming 3 15ACH6 82K20289IN Laptop,Lenovo,52990,"Lenovo IdeaPad Gaming 3 15ACH6 82K20289IN Laptop with 5th Gen AMD Ryzen 5 5500H, 8GB RAM, 512GB storage, 4GB NVIDIA GeForce RTX 2050, running Windows 11 OS.","[""gaming"", ""laptop""]","{""processor"": ""5th Gen AMD Ryzen 5 5500H"", ""cpu"": ""Quad Core, 8 Threads"", ""ram"": ""8GB"", ""ram_type"": ""DDR4"", ""storage"": ""512GB"", ""storage_type"": ""SSD"", ""gpu"": ""4GB NVIDIA GeForce RTX 2050"", ""display_size"": 15.6, ""resolution"": ""1920.0x1080.0"", ""os"": ""Windows 11 OS"", ""warranty_years"": 1}"
laptop_0092,laptop,Megabook T1 Laptop,Tecno,34999,"Tecno Megabook T1 Laptop with 11th Gen Intel Core i3 1115G4, 8GB RAM, 512GB storage, Intel UHD Graphics, running Windows 11 OS.","[""laptop""]","{""processor"": ""11th Gen Intel Core i3 1115G4"", ""cpu"": ""Dual Core, 4 Threads"", ""ram"": ""8GB"", ""ram_type"": ""LPDDR4"", ""storage"": ""512GB"", ""storage_type"": ""SSD"", ""gpu"": ""Intel UHD Graphics"", ""display_size"": 15.6, ""resolution"": ""1920.0x1080.0"", ""os"": ""Windows 11 OS"", ""warranty_years"": 1}"
laptop_0093,laptop,Galaxy Book 3  NP750XFG-KB2IN Laptop,Samsung,74390,"Samsung Galaxy Book 3  NP750XFG-KB2IN Laptop with 13th Gen Intel Core i5 1335U, 16GB RAM, 512GB storage, Intel Iris Xe Graphics, running Windows 11 OS.","[""laptop""]","{""processor"": ""13th Gen Intel Core i5 1335U"", ""cpu"": ""10 Cores (2P + 8E), 12 Threads"", ""ram"": ""16GB"", ""ram_type"": ""LPDDR4x"", ""storage"": ""512GB"", ""storage_type"": ""SSD"", ""gpu"": ""Intel Iris Xe Graphics"", ""display_size"": 15.6, ""resolution"": ""1920.0x1080.0"", ""os"": ""Windows 11 OS"", ""warranty_years"": 1}"
laptop_0094,laptop,Omen 16-XD0007ax Gaming Laptop,HP,109990,"HP Omen 16-XD0007ax Gaming Laptop with 7th Gen AMD Ryzen 7 7840HS, 16GB RAM, 1TB storage, 6GB NVIDIA GeForce RTX 4050, running Windows 11 OS.","[""gaming"", ""laptop""]","{""processor"": ""7th Gen AMD Ryzen 7 7840HS"", ""cpu"": ""Octa Core, 16 Threads"", ""ram"": ""16GB"", ""ram_type"": ""DDR5"", ""storage"": ""1TB"", ""storage_type"": ""SSD"", ""gpu"": ""6GB NVIDIA GeForce RTX 4050"", ""display_size"": 16.1, ""resolution"": ""1920.0x1080.0"", ""os"": ""Windows 11 OS"", ""warranty_years"": 1}"
laptop_0095,laptop,VivoBook 15 X1500EA-EJ326WS Laptop,Asus,37990,"Asus VivoBook 15 X1500EA-EJ326WS Laptop with 11th Gen intel Core i3 1115G4, 8GB RAM, 512GB storage, Intel UHD Graphics, running Windows 11 OS.","[""laptop""]","{""processor"": ""11th Gen intel Core i3 1115G4"", ""cpu"": ""Dual Core, 4 Threads"", ""ram"": ""8GB"", ""ram_type"": ""DDR4"", ""storage"": ""512GB"", ""storage_type"": ""SSD"", ""gpu"": ""Intel UHD Graphics"", ""display_size"": 15.6, ""resolution"": ""1920.0x1080.0"", ""os"": ""Windows 11 OS"", ""warranty_years"": 1}"
laptop_0096,laptop,Vivobook Pro 15 M6500QC-HN551WS Laptop,Asus,66990,"Asus Vivobook Pro 15 M6500QC-HN551WS Laptop with 5th Gen AMD Ryzen 5 5600HS, 16GB RAM, 1TB storage, 4GB NVIDIA GeForce RTX 3050, running Windows 11 OS.","[""laptop""]","{""processor"": ""5th Gen AMD Ryzen 5 5600HS"", ""cpu"": ""Hexa Core, 12 Threads"", ""ram"": ""16GB"", ""ram_type"": ""DDR4"", ""storage"": ""1TB"", ""storage_type"": ""SSD"", ""gpu"": ""4GB NVIDIA GeForce RTX 3050"", ""display_size"": 15.6, ""resolution"": ""1920.0x1080.0"", ""os"": ""Windows 11 OS"", ""warranty_years"": 1}"
laptop_0097,laptop,15-fc0026AU Laptop,HP,34250,"HP 15-fc0026AU Laptop with 7th Gen AMD Ryzen 3 7320U, 8GB RAM, 512GB storage, AMD Radeon AMD, running Windows 11 OS.","[""laptop""]","{""processor"": ""7th Gen AMD Ryzen 3 7320U"", ""cpu"": ""Quad Core, 8 Threads"", ""ram"": ""8GB"", ""ram_type"": ""LPDDR5"", ""storage"": ""512GB"", ""storage_type"": ""SSD"", ""gpu"": ""AMD Radeon AMD"", ""display_size"": 15.6, ""resolution"": ""1920.0x1080.0"", ""os"": ""Windows 11 OS"", ""warranty_years"": 1}"
laptop_0098,laptop,VivoBook 15 X515EA-EJ342WS Laptop,Asus,35990,"Asus VivoBook 15 X515EA-EJ342WS Laptop with 11th Gen intel Core i3 1115G4, 16GB RAM, 512GB storage, Intel UHD Graphics, running Windows 11 OS.","[""laptop""]","{""processor"": ""11th Gen intel Core i3 1115G4"", ""cpu"": ""Dual Core, 4 Threads"", ""ram"": ""16GB"", ""ram_type"": ""DDR4"", ""storage"": ""512GB"", ""storage_type"": ""SSD"", ""gpu"": ""Intel UHD Graphics"", ""display_size"": 15.6, ""resolution"": ""1920.0x1080.0"", ""os"": ""Windows 11 OS"", ""warranty_years"": 1}"
laptop_0099,laptop,ROG Strix G16 2023 G614JI-N4151WS Gaming Laptop,Asus,209990,"Asus ROG Strix G16 2023 G614JI-N4151WS Gaming Laptop with 13th Gen Intel Core i9 13980HX, 16GB RAM, 1TB storage, 8GB NVIDIA GeForce RTX 4070, running Windows 11 OS.","[""gaming"", ""laptop""]","{""processor"": ""13th Gen Intel Core i9 13980HX"", ""cpu"": ""24 Cores (8P + 16E), 32 Threads"", ""ram"": ""16GB"", ""ram_type"": ""DDR5"", ""storage"": ""1TB"", ""storage_type"": ""SSD"", ""gpu"": ""8GB NVIDIA GeForce RTX 4070"", ""display_size"": 16.0, ""resolution"": ""2560.0x1600.0"", ""os"": ""Windows 11 OS"", ""warranty_years"": 1}"
laptop_0100,laptop,Victus 16 7K4J6PAACJ Laptop,HP,57990,"HP Victus 16 7K4J6PAACJ Laptop with 11th Gen Intel Core i5 11400H , 8GB RAM, 512GB storage, 4GB NVIDIA GeForce GTX 1650 , running Windows 11 OS.","[""laptop""]","{""processor"": ""11th Gen Intel Core i5 11400H "", ""cpu"": ""Hexa Core, 12 Threads"", ""ram"": ""8GB"", ""ram_type"": ""DDR4"", ""storage"": ""512GB"", ""storage_type"": ""SSD"", ""gpu"": ""4GB NVIDIA GeForce GTX 1650 "", ""display_size"": 16.1, ""resolution"": ""1920.0x1080.0"", ""os"": ""Windows 11 OS"", ""warranty_years"": 1}"
laptop_0101,laptop,ZBook Firefly 16 G9 6V2X7PA Workstation PC Laptop,HP,123300,"HP ZBook Firefly 16 G9 6V2X7PA Workstation PC Laptop with 12th Gen Intel Core i7 1255U, 16GB RAM, 1TB storage, Intel Iris Xe Graphics, running Windows 11 OS.","[""laptop""]","{""processor"": ""12th Gen Intel Core i7 1255U"", ""cpu"": ""10 Cores (2P + 8E), 12 Threads"", ""ram"": ""16GB"", ""ram_type"": ""DDR5"", ""storage"": ""1TB"", ""storage_type"": ""SSD"", ""gpu"": ""Intel Iris Xe Graphics"", ""display_size"": 16.0, ""resolution"": ""1920.0x1200.0"", ""os"": ""Windows 11 OS"", ""warranty_years"": 1}"
laptop_0102,laptop,NU14A1 Laptop,Walker,16990,"Walker NU14A1 Laptop with Intel Celeron  N4020, 4GB RAM, 128GB storage, Intel Integrated UHD Graphics, running Windows 11 OS.","[""laptop""]","{""processor"": ""Intel Celeron  N4020"", ""cpu"": ""Dual Core, 2 Threads"", ""ram"": ""4GB"", ""ram_type"": ""DDR4"", ""storage"": ""128GB"", ""storage_type"": ""SSD"", ""gpu"": ""Intel Integrated UHD Graphics"", ""display_size"": 14.1, ""resolution"": ""1920.0x1080.0"", ""os"": ""Windows 11 OS"", ""warranty_years"": 1}"
laptop_0103,laptop,G15-5530 Gaming 2023 Laptop,Dell,129199,"Dell G15-5530 Gaming 2023 Laptop with 13th Gen Intel Core i7 13650HX, 16GB RAM, 512GB storage, 8GB NVIDIA GeForce RTX 4060, running Windows 11 OS.","[""gaming"", ""laptop""]","{""processor"": ""13th Gen Intel Core i7 13650HX"", ""cpu"": ""14 Cores (6P + 8E)"", ""ram"": ""16GB"", ""ram_type"": ""DDR5"", ""storage"": ""512GB"", ""storage_type"": ""SSD"", ""gpu"": ""8GB NVIDIA GeForce RTX 4060"", ""display_size"": 15.6, ""resolution"": ""1920.0x1080.0"", ""os"": ""Windows 11 OS"", ""warranty_years"": 1}"
laptop_0104,laptop,Vivobook S14 Flip TN3402QA-LZ551WS Laptop,Asus,65391,"Asus Vivobook S14 Flip TN3402QA-LZ551WS Laptop with 5th Gen AMD Ryzen 5  5600H, 16GB RAM, 1TB storage, AMD Radeon Graphics, running Windows 11 OS.","[""laptop""]","{""processor"": ""5th Gen AMD Ryzen 5  5600H"", ""cpu"": ""Hexa Core, 12 Threads"", ""ram"": ""16GB"", ""ram_type"": ""DDR4"", ""storage"": ""1TB"", ""storage_type"": ""SSD"", ""gpu"": ""AMD Radeon Graphics"", ""display_size"": 14.0, ""resolution"": ""1920.0x1200.0"", ""os"": ""Windows 11 OS"", ""warranty_years"": 1}"
laptop_0105,laptop,Galaxy Book2 Pro 360 13 Laptop,Samsung,102990,"Samsung Galaxy Book2 Pro 360 13 Laptop with 12th Gen Intel Core i5 1240P, 16GB RAM, 512GB storage, Intel Iris Xe Graphics, running Windows 11 OS.","[""laptop""]","{""processor"": ""12th Gen Intel Core i5 1240P"", ""cpu"": ""12 Cores (4P + 8E), 16 Threads"", ""ram"": ""16GB"", ""ram_type"": ""LPDDR5"", ""storage"": ""512GB"", ""storage_type"": ""SSD"", ""gpu"": ""Intel Iris Xe Graphics"", ""display_size"": 13.3, ""resolution"": ""1080.0x1920.0"", ""os"": ""Windows 11 OS"", ""warranty_years"": 1}"
laptop_0106,laptop,Inspiron 3520 IN3520KTMFJS1ORGR1 Laptop,Dell,36480,"Dell Inspiron 3520 IN3520KTMFJS1ORGR1 Laptop with 11th Gen Intel Core i3 1115G4, 8GB RAM, 512GB storage, Intel UHD Graphics, running Windows 11 OS.","[""laptop""]","{""processor"": ""11th Gen Intel Core i3 1115G4"", ""cpu"": ""Dual Core, 4 Threads"", ""ram"": ""8GB"", ""ram_type"": ""DDR4"", ""storage"": ""512GB"", ""storage_type"": ""SSD"", ""gpu"": ""Intel UHD Graphics"", ""display_size"": 15.6, ""resolution"": ""1920.0x1080.0"", ""os"": ""Windows 11 OS"", ""warranty_years"": 1}"
laptop_0107,laptop,IdeaPad Slim 5 82XE0072IN Laptop,Lenovo,63990,"Lenovo IdeaPad Slim 5 82XE0072IN Laptop with 7th Gen AMD Ryzen 7 7730U, 16GB RAM, 512GB storage, AMD Integrated SoC, running Windows 11 OS.","[""laptop""]","{""processor"": ""7th Gen AMD Ryzen 7 7730U"", ""cpu"": ""Octa Core, 16 Threads"", ""ram"": ""16GB"", ""ram_type"": ""DDR4"", ""storage"": ""512GB"", ""storage_type"": ""SSD"", ""gpu"": ""AMD Integrated SoC"", ""display_size"": 14.0, ""resolution"": ""1920.0x1200.0"", ""os"": ""Windows 11 OS"", ""warranty_years"": 1}"
laptop_0108,laptop,Vivobook 15 X1504ZA-NJ321WS Laptop,Asus,37980,"Asus Vivobook 15 X1504ZA-NJ321WS Laptop with 12th Gen Intel Core i3 1215U, 8GB RAM, 512GB storage, Integrated Intel UHD Graphics, running Windows 11 OS.","[""laptop""]","{""processor"": ""12th Gen Intel Core i3 1215U"", ""cpu"": ""Hexa Core (2P + 4E), 8 Threads"", ""ram"": ""8GB"", ""ram_type"": ""DDR4"", ""storage"": ""512GB"", ""storage_type"": ""SSD"", ""gpu"": ""Integrated Intel UHD Graphics"", ""display_size"": 15.6, ""resolution"": ""1920.0x1080.0"", ""os"": ""Windows 11 OS"", ""warranty_years"": 1}"
laptop_0109,laptop,Inspiron 3511 Laptop,Dell,35990,"Dell Inspiron 3511 Laptop with 11th Gen Intel Core i3 1115G4, 8GB RAM, 512GB storage, Intel UHD Graphics, running Windows 11 OS.","[""laptop""]","{""processor"": ""11th Gen Intel Core i3 1115G4"", ""cpu"": ""Dual Core, 4 Threads"", ""ram"": ""8GB"", ""ram_type"": ""DDR4"", ""storage"": ""512GB"", ""storage_type"": ""SSD"", ""gpu"": ""Intel UHD Graphics"", ""display_size"": 15.56, ""resolution"": ""1920.0x1080.0"", ""os"": ""Windows 11 OS"", ""warranty_years"": 1}"
laptop_0110,laptop,Inspiron 13 5330 Laptop,Dell,98890,"Dell Inspiron 13 5330 Laptop with 13th Gen Intel Core i7 1360P, 16GB RAM, 1TB storage, Intel Iris Xe Graphics, running Windows 11 OS.","[""laptop""]","{""processor"": ""13th Gen Intel Core i7 1360P"", ""cpu"": ""12 Cores (4P + 8E), 16 Threads"", ""ram"": ""16GB"", ""ram_type"": ""LPDDR5"", ""storage"": ""1TB"", ""storage_type"": ""SSD"", ""gpu"": ""Intel Iris Xe Graphics"", ""display_size"": 13.3, ""resolution"": ""2560.0x1600.0"", ""os"": ""Windows 11 OS"", ""warranty_years"": 1}"
laptop_0111,laptop,Omen 16-XD0007ax Gaming Laptop,HP,104990,"HP Omen 16-XD0007ax Gaming Laptop with 7th Gen AMD Ryzen 7 7840HS, 16GB RAM, 1TB storage, 6GB NVIDIA GeForce RTX 4050, running Windows 11 OS.","[""gaming"", ""laptop""]","{""processor"": ""7th Gen AMD Ryzen 7 7840HS"", ""cpu"": ""Octa Core, 16 Threads"", ""ram"": ""16GB"", ""ram_type"": ""DDR5"", ""storage"": ""1TB"", ""storage_type"": ""SSD"", ""gpu"": ""6GB NVIDIA GeForce RTX 4050"", ""display_size"": 16.1, ""resolution"": ""1920.0x1080.0"", ""os"": ""Windows 11 OS"", ""warranty_years"": 1}"
laptop_0112,laptop,Thinkpad L14 Gen 2 ‎20X1S10V00 Laptop,Lenovo,50000,"Lenovo Thinkpad L14 Gen 2 ‎20X1S10V00 Laptop with 11th Gen Intel Core i3 1115G4, 8GB RAM, 512GB storage, Intel Iris Xe Graphics, running DOS OS.","[""ultrabook"", ""laptop""]","{""processor"": ""11th Gen Intel Core i3 1115G4"", ""cpu"": ""Dual Core, 4 Threads"", ""ram"": ""8GB"", ""ram_type"": ""DDR4"", ""storage"": ""512GB"", ""storage_type"": ""SSD"", ""gpu"": ""Intel Iris Xe Graphics"", ""display_size"": 14.0, ""resolution"": ""1920.0x1080.0"", ""os"": ""DOS OS"", ""warranty_years"": 3}"
laptop_0113,laptop,MacBook Air 2020 Laptop,Apple,72999,"Apple MacBook Air 2020 Laptop with 10th Gen Intel Core i3, 8GB RAM, 256GB storage, Intel Iris Plus, running Mac 10.15.3	 OS.","[""laptop""]","{""processor"": ""10th Gen Intel Core i3"", ""cpu"": ""Quad Core, 8 Threads"", ""ram"": ""8GB"", ""ram_type"": ""LPDDR4X"", ""storage"": ""256GB"", ""storage_type"": ""SSD"", ""gpu"": ""Intel Iris Plus"", ""display_size"": 13.3, ""resolution"": ""2560.0x1600.0"", ""os"": ""Mac 10.15.3\t OS"", ""warranty_years"": 0}"
laptop_0114,laptop,SE14 NP14V3IN033P Laptop,Vaio,39990,"Vaio SE14 NP14V3IN033P Laptop with 11th Gen Intel Core i5 1135G7, 8GB RAM, 512GB storage, Intel Iris Xe Graphics, running Windows 10 OS.","[""laptop""]","{""processor"": ""11th Gen Intel Core i5 1135G7"", ""cpu"": ""Quad Core, 8 Threads"", ""ram"": ""8GB"", ""ram_type"": ""DDR4"", ""storage"": ""512GB"", ""storage_type"": ""SSD"", ""gpu"": ""Intel Iris Xe Graphics"", ""display_size"": 14.0, ""resolution"": ""1920.0x1080.0"", ""os"": ""Windows 10 OS"", ""warranty_years"": 2}"
laptop_0115,laptop,Katana 15 B12UDXK-1019IN Gaming Laptop,MSI,79990,"MSI Katana 15 B12UDXK-1019IN Gaming Laptop with 12th Gen Intel Core i5 12450H, 16GB RAM, 1TB storage, 6GB NVIDIA GeForce RTX 3050, running Windows 11 OS.","[""gaming"", ""laptop""]","{""processor"": ""12th Gen Intel Core i5 12450H"", ""cpu"": ""Octa Core (4P + 4E), 12 Threads"", ""ram"": ""16GB"", ""ram_type"": ""DDR5"", ""storage"": ""1TB"", ""storage_type"": ""SSD"", ""gpu"": ""6GB NVIDIA GeForce RTX 3050"", ""display_size"": 15.6, ""resolution"": ""1920.0x1080.0"", ""os"": ""Windows 11 OS"", ""warranty_years"": 2}"
laptop_0116,laptop,Galaxy Book2 NP550XED-KA1IN 15 Laptop,Samsung,49990,"Samsung Galaxy Book2 NP550XED-KA1IN 15 Laptop with 12th Gen Intel Core i5 1235U, 8GB RAM, 512GB storage, Intel Integrated UHD, running Windows 11 OS.","[""laptop""]","{""processor"": ""12th Gen Intel Core i5 1235U"", ""cpu"": ""10 Cores (2P + 8E), 12 Threads"", ""ram"": ""8GB"", ""ram_type"": ""LPDDR4"", ""storage"": ""512GB"", ""storage_type"": ""SSD"", ""gpu"": ""Intel Integrated UHD"", ""display_size"": 15.6, ""resolution"": ""1920.0x1080.0"", ""os"": ""Windows 11 OS"", ""warranty_years"": 1}"
laptop_0117,laptop,Swift 3 OLED SF314-71 NX.K9PSI.003 Laptop,Acer,54990,"Acer Swift 3 OLED SF314-71 NX.K9PSI.003 Laptop with 12th Gen Intel Core i5 12500H, 8GB RAM, 512GB storage, Intel Integrated Iris Xe, running Windows 11 OS.","[""laptop""]","{""processor"": ""12th Gen Intel Core i5 12500H"", ""cpu"": ""12 Cores (4P + 8E), 16 Threads"", ""ram"": ""8GB"", ""ram_type"": ""LPDDR5"", ""storage"": ""512GB"", ""storage_type"": ""SSD"", ""gpu"": ""Intel Integrated Iris Xe"", ""display_size"": 14.0, ""resolution"": ""2880.0x1800.0"", ""os"": ""Windows 11 OS"", ""warranty_years"": 1}"
laptop_0118,laptop,Vivobook Pro 15 OLED K6502VU-MA951WS Laptop,Asus,156990,"Asus Vivobook Pro 15 OLED K6502VU-MA951WS Laptop with 13th Gen Intel Core i9 13900H, 16GB RAM, 1TB storage, 6GB NVIDIA GeForce RTX 4050, running Windows 11 OS.","[""laptop""]","{""processor"": ""13th Gen Intel Core i9 13900H"", ""cpu"": ""14 Cores (6P + 8E), 20 Threads"", ""ram"": ""16GB"", ""ram_type"": ""DDR5"", ""storage"": ""1TB"", ""storage_type"": ""SSD"", ""gpu"": ""6GB NVIDIA GeForce RTX 4050"", ""display_size"": 15.6, ""resolution"": ""2880.0x1620.0"", ""os"": ""Windows 11 OS"", ""warranty_years"": 1}"
laptop_0119,laptop,Omen 17-cm2003TX Gaming Laptop,HP,171499,"HP Omen 17-cm2003TX Gaming Laptop with 13th Gen Intel 7 13700HX , 16GB RAM, 1TB storage, 8GB NVIDIA GeForce RTX 4060, running Windows 11 OS.","[""gaming"", ""laptop""]","{""processor"": ""13th Gen Intel 7 13700HX "", ""cpu"": ""16 Cores (8P + 8E), 24 Threads"", ""ram"": ""16GB"", ""ram_type"": ""DDR5"", ""storage"": ""1TB"", ""storage_type"": ""SSD"", ""gpu"": ""8GB NVIDIA GeForce RTX 4060"", ""display_size"": 17.3, ""resolution"": ""2560.0x1440.0"", ""os"": ""Windows 11 OS"", ""warranty_years"": 1}"
phone_0000,smartphone,Vivo X80 Pro 5G,Vivo,79999,"Vivo Vivo X80 Pro 5G with 12GB RAM, 50.0MP rear camera, 4700.0mAh battery, 5G support, running android.","[""5g"", ""camera-focused"", ""high-refresh-display"", ""smartphone""]","{""processor_brand"": ""snapdragon"", ""num_cores"": 8.0, ""processor_speed"": 3.0, ""battery_capacity"": 4700.0, ""fast_charging"": 80.0, ""ram"": 12, ""internal_memory"": 256, ""screen_size"": 6.78, ""refresh_rate"": 120, ""num_rear_cameras"": 4, ""os"": ""android"", ""primary_camera_rear"": 50.0, ""primary_camera_front"": 32.0, ""5g"": true, ""rating"": NaN}"
phone_0001,smartphone,Poco M6 Pro,Poco,19990,"Poco Poco M6 Pro with 8GB RAM, 108.0MP rear camera, 5100.0mAh battery, 5G support, running android.","[""5g"", ""camera-focused"", ""high-refresh-display"", ""long-battery"", ""smartphone""]","{""processor_brand"": ""dimensity"", ""num_cores"": 8.0, ""processor_speed"": 2.5, ""battery_capacity"": 5100.0, ""fast_charging"": 120.0, ""ram"": 8, ""internal_memory"": 128, ""screen_size"": 6.73, ""refresh_rate"": 120, ""num_rear_cameras"": 3, ""os"": ""android"", ""primary_camera_rear"": 108.0, ""primary_camera_front"": 32.0, ""5g"": true, ""rating"": 8.4}"
phone_0002,smartphone,iQOO 11 5G,Iqoo,59999,"Iqoo iQOO 11 5G with 8GB RAM, 50.0MP rear camera, 5000.0mAh battery, 5G support, running android.","[""5g"", ""camera-focused"", ""high-refresh-display"", ""long-battery"", ""smartphone""]","{""processor_brand"": ""snapdragon"", ""num_cores"": 8.0, ""processor_speed"": 3.2, ""battery_capacity"": 5000.0, ""fast_charging"": 120.0, ""ram"": 8, ""internal_memory"": 256, ""screen_size"": 6.78, ""refresh_rate"": 144, ""num_rear_cameras"": 3, ""os"": ""android"", ""primary_camera_rear"": 50.0, ""primary_camera_front"": 16.0, ""5g"": true, ""rating"": 8.8}"
phone_0003,smartphone,Sony Xperia L5 5G,Sony,15990,"Sony Sony Xperia L5 5G with 4GB RAM, 13.0MP rear camera, 4000.0mAh battery, 4G support, running android.","[""smartphone""]","{""processor_brand"": ""helio"", ""num_cores"": 8.0, ""processor_speed"": 2.3, ""battery_capacity"": 4000.0, ""fast_charging"": NaN, ""ram"": 4, ""internal_memory"": 64, ""screen_size"": 6.2, ""refresh_rate"": 60, ""num_rear_cameras"": 3, ""os"": ""android"", ""primary_camera_rear"": 13.0, ""primary_camera_front"": 8.0, ""5g"": false, ""rating"": 7.3}"
phone_0004,smartphone,Google Pixel 5,Google,36000,"Google Google Pixel 5 with 8GB RAM, 16.0MP rear camera, 4080.0mAh battery, 5G support, running android.","[""5g"", ""high-refresh-display"", ""smartphone""]","{""processor_brand"": ""snapdragon"", ""num_cores"": 8.0, ""processor_speed"": 2.4, ""battery_capacity"": 4080.0, ""fast_charging"": 18.0, ""ram"": 8, ""internal_memory"": 128, ""screen_size"": 6.0, ""refresh_rate"": 90, ""num_rear_cameras"": 2, ""os"": ""android"", ""primary_camera_rear"": 16.0, ""primary_camera_front"": 8.0, ""5g"": true, ""rating"": 8.2}"
phone_0005,smartphone,Xiaomi 12S Ultra,Xiaomi,69990,"Xiaomi Xiaomi 12S Ultra with 8GB RAM, 50.0MP rear camera, 4860.0mAh battery, 5G support, running android.","[""5g"", ""camera-focused"", ""high-refresh-display"", ""smartphone""]","{""processor_brand"": ""snapdragon"", ""num_cores"": 8.0, ""processor_speed"": 3.2, ""battery_capacity"": 4860.0, ""fast_charging"": 67.0, ""ram"": 8, ""internal_memory"": 256, ""screen_size"": 6.73, ""refresh_rate"": 120, ""num_rear_cameras"": 3, ""os"": ""android"", ""primary_camera_rear"": 50.0, ""primary_camera_front"": 32.0, ""5g"": true, ""rating"": NaN}"
phone_0006,smartphone,OPPO Reno7 Pro 5G,Oppo,31994,"Oppo OPPO Reno7 Pro 5G with 12GB RAM, 50.0MP rear camera, 4500.0mAh battery, 5G support, running android.","[""5g"", ""camera-focused"", ""high-refresh-display"", ""smartphone""]","{""processor_brand"": ""dimensity"", ""num_cores"": 8.0, ""processor_speed"": 3.0, ""battery_capacity"": 4500.0, ""fast_charging"": 65.0, ""ram"": 12, ""internal_memory"": 256, ""screen_size"": 6.55, ""refresh_rate"": 90, ""num_rear_cameras"": 3, ""os"": ""android"", ""primary_camera_rear"": 50.0, ""primary_camera_front"": 32.0, ""5g"": true, ""rating"": 8.7}"
phone_0007,smartphone,Vivo S17 Pro,Vivo,49990,"Vivo Vivo S17 Pro with 12GB RAM, 50.0MP rear camera, 5000.0mAh battery, 5G support, running android.","[""5g"", ""camera-focused"", ""high-refresh-display"", ""long-battery"", ""smartphone""]","{""processor_brand"": ""dimensity"", ""num_cores"": 8.0, ""processor_speed"": NaN, ""battery_capacity"": 5000.0, ""fast_charging"": 120.0, ""ram"": 12, ""internal_memory"": 256, ""screen_size"": 6.67, ""refresh_rate"": 120, ""num_rear_cameras"": 3, ""os"": ""android"", ""primary_camera_rear"": 50.0, ""primary_camera_front"": 32.0, ""5g"": true, ""rating"": 7.7}"
phone_0008,smartphone,Realme 10 Pro (8GB RAM + 128GB),Realme,19999,"Realme Realme 10 Pro (8GB RAM + 128GB) with 8GB RAM, 108.0MP rear camera, 5000.0mAh battery, 5G support, running android.","[""5g"", ""camera-focused"", ""high-refresh-display"", ""long-battery"", ""smartphone""]","{""processor_brand"": ""snapdragon"", ""num_cores"": 8.0, ""processor_speed"": 2.2, ""battery_capacity"": 5000.0, ""fast_charging"": 33.0, ""ram"": 8, ""internal_memory"": 128, ""screen_size"": 6.72, ""refresh_rate"": 120, ""num_rear_cameras"": 2, ""os"": ""android"", ""primary_camera_rear"": 108.0, ""primary_camera_front"": 16.0, ""5g"": true, ""rating"": 8.4}"
phone_0009,smartphone,OnePlus Nord 5,Oneplus,34999,"Oneplus OnePlus Nord 5 with 8GB RAM, 64.0MP rear camera, 5000.0mAh battery, 5G support, running android.","[""5g"", ""camera-focused"", ""high-refresh-display"", ""long-battery"", ""smartphone""]","{""processor_brand"": ""dimensity"", ""num_cores"": 8.0, ""processor_speed"": NaN, ""battery_capacity"": 5000.0, ""fast_charging"": 120.0, ""ram"": 8, ""internal_memory"": 128, ""screen_size"": 6.57, ""refresh_rate"": 120, ""num_rear_cameras"": 3, ""os"": ""android"", ""primary_camera_rear"": 64.0, ""primary_camera_front"": 32.0, ""5g"": true, ""rating"": 7.6}"
phone_0010,smartphone,Poco M5 (6GB RAM + 128GB),Poco,14499,"Poco Poco M5 (6GB RAM + 128GB) with 6GB RAM, 50.0MP rear camera, 5000.0mAh battery, 4G support, running android.","[""camera-focused"", ""high-refresh-display"", ""long-battery"", ""smartphone""]","{""processor_brand"": ""helio"", ""num_cores"": 8.0, ""processor_speed"": 2.2, ""battery_capacity"": 5000.0, ""fast_charging"": 18.0, ""ram"": 6, ""internal_memory"": 128, ""screen_size"": 6.58, ""refresh_rate"": 90, ""num_rear_cameras"": 3, ""os"": ""android"", ""primary_camera_rear"": 50.0, ""primary_camera_front"": 8.0, ""5g"": false, ""rating"": 7.7}"
phone_0011,smartphone,Google Pixel 5A,Google,32999,"Google Google Pixel 5A with 6GB RAM, 16.0MP rear camera, 4620.0mAh battery, 5G support, running android.","[""5g"", ""smartphone""]","{""processor_brand"": ""snapdragon"", ""num_cores"": 8.0, ""processor_speed"": 2.4, ""battery_capacity"": 4620.0, ""fast_charging"": 18.0, ""ram"": 6, ""internal_memory"": 128, ""screen_size"": 6.34, ""refresh_rate"": 60, ""num_rear_cameras"": 2, ""os"": ""android"", ""primary_camera_rear"": 16.0, ""primary_camera_front"": 8.0, ""5g"": true, ""rating"": 7.8}"
phone_0012,smartphone,Samsung Galaxy Note 10 Plus 5G,Samsung,92999,"Samsung Samsung Galaxy Note 10 Plus 5G with 12GB RAM, 12.0MP rear camera, 4300.0mAh battery, 5G support, running android.","[""5g"", ""smartphone""]","{""processor_brand"": ""exynos"", ""num_cores"": 8.0, ""processor_speed"": 2.7, ""battery_capacity"": 4300.0, ""fast_charging"": NaN, ""ram"": 12, ""internal_memory"": 256, ""screen_size"": 6.8, ""refresh_rate"": 60, ""num_rear_cameras"": 4, ""os"": ""android"", ""primary_camera_rear"": 12.0, ""primary_camera_front"": 10.0, ""5g"": true, ""rating"": 8.9}"
phone_0013,smartphone,Xiaomi Mi Mix Alpha,Xiaomi,199990,"Xiaomi Xiaomi Mi Mix Alpha with 12GB RAM, 108.0MP rear camera, 4050.0mAh battery, 5G support, running android.","[""5g"", ""camera-focused"", ""smartphone""]","{""processor_brand"": ""snapdragon"", ""num_cores"": 8.0, ""processor_speed"": 2.96, ""battery_capacity"": 4050.0, ""fast_charging"": 40.0, ""ram"": 12, ""internal_memory"": 512, ""screen_size"": 7.92, ""refresh_rate"": 60, ""num_rear_cameras"": 3, ""os"": ""android"", ""primary_camera_rear"": 108.0, ""primary_camera_front"": NaN, ""5g"": true, ""rating"": NaN}"
phone_0014,smartphone,Realme A1,Realme,8999,"Realme Realme A1 with 2GB RAM, 13.0MP rear camera, 4000.0mAh battery, 4G support, running android.","[""smartphone""]","{""processor_brand"": ""helio"", ""num_cores"": 8.0, ""processor_speed"": 2.1, ""battery_capacity"": 4000.0, ""fast_charging"": NaN, ""ram"": 2, ""internal_memory"": 16, ""screen_size"": 6.2, ""refresh_rate"": 60, ""num_rear_cameras"": 2, ""os"": ""android"", ""primary_camera_rear"": 13.0, ""primary_camera_front"": 8.0, ""5g"": false, ""rating"": NaN}"
phone_0015,smartphone,Xiaomi Redmi Note 11 Pro Plus 5G (8GB RAM + 128GB),Xiaomi,22700,"Xiaomi Xiaomi Redmi Note 11 Pro Plus 5G (8GB RAM + 128GB) with 8GB RAM, 108.0MP rear camera, 5000.0mAh battery, 5G support, running android.","[""5g"", ""camera-focused"", ""high-refresh-display"", ""long-battery"", ""smartphone""]","{""processor_brand"": ""snapdragon"", ""num_cores"": 8.0, ""processor_speed"": 2.2, ""battery_capacity"": 5000.0, ""fast_charging"": 67.0, ""ram"": 8, ""internal_memory"": 128, ""screen_size"": 6.67, ""refresh_rate"": 120, ""num_rear_cameras"": 3, ""os"": ""android"", ""primary_camera_rear"": 108.0, ""primary_camera_front"": 16.0, ""5g"": true, ""rating"": 8.6}"
phone_0016,smartphone,Google Pixel 8 Pro,Google,70990,"Google Google Pixel 8 Pro with 12GB RAM, 50.0MP rear camera, 5000.0mAh battery, 5G support, running android.","[""5g"", ""camera-focused"", ""high-refresh-display"", ""long-battery"", ""smartphone""]","{""processor_brand"": ""google"", ""num_cores"": 8.0, ""processor_speed"": NaN, ""battery_capacity"": 5000.0, ""fast_charging"": 67.0, ""ram"": 12, ""internal_memory"": 256, ""screen_size"": 6.73, ""refresh_rate"": 120, ""num_rear_cameras"": 3, ""os"": ""android"", ""primary_camera_rear"": 50.0, ""primary_camera_front"": 12.0, ""5g"": true, ""rating"": 8.0}"
phone_0017,smartphone,POCO M4 Pro 4G (6GB RAM + 128GB),Poco,12999,"Poco POCO M4 Pro 4G (6GB RAM + 128GB) with 6GB RAM, 64.0MP rear camera, 5000.0mAh battery, 4G support, running android.","[""camera-focused"", ""high-refresh-display"", ""long-battery"", ""smartphone""]","{""processor_brand"": ""helio"", ""num_cores"": 8.0, ""processor_speed"": 2.05, ""battery_capacity"": 5000.0, ""fast_charging"": 33.0, ""ram"": 6, ""internal_memory"": 128, ""screen_size"": 6.43, ""refresh_rate"": 90, ""num_rear_cameras"": 3, ""os"": ""android"", ""primary_camera_rear"": 64.0, ""primary_camera_front"": 16.0, ""5g"": false, ""rating"": 7.9}"
phone_0018,smartphone,Realme Narzo 50 5G (4GB RAM + 64GB),Realme,13499,"Realme Realme Narzo 50 5G (4GB RAM + 64GB) with 4GB RAM, 48.0MP rear camera, 5000.0mAh battery, 5G support, running android.","[""5g"", ""camera-focused"", ""high-refresh-display"", ""long-battery"", ""smartphone""]","{""processor_brand"": ""dimensity"", ""num_cores"": 8.0, ""processor_speed"": 2.4, ""battery_capacity"": 5000.0, ""fast_charging"": 33.0, ""ram"": 4, ""internal_memory"": 64, ""screen_size"": 6.6, ""refresh_rate"": 90, ""num_rear_cameras"": 3, ""os"": ""android"", ""primary_camera_rear"": 48.0, ""primary_camera_front"": 16.0, ""5g"": true, ""rating"": 7.5}"
phone_0019,smartphone,Xiaomi Mi Mix Fold,Xiaomi,109990,"Xiaomi Xiaomi Mi Mix Fold with 12GB RAM, 108.0MP rear camera, 5020.0mAh battery, 5G support, running android.","[""5g"", ""camera-focused"", ""high-refresh-display"", ""long-battery"", ""smartphone""]","{""processor_brand"": ""snapdragon"", ""num_cores"": 8.0, ""processor_speed"": 2.84, ""battery_capacity"": 5020.0, ""fast_charging"": 67.0, ""ram"": 12, ""internal_memory"": 256, ""screen_size"": 8.01, ""refresh_rate"": 90, ""num_rear_cameras"": 3, ""os"": ""android"", ""primary_camera_rear"": 108.0, ""primary_camera_front"": 20.0, ""5g"": true, ""rating"": NaN}"
phone_0020,smartphone,Tecno Spark 8T,Tecno,7999,"Tecno Tecno Spark 8T with 4GB RAM, 50.0MP rear camera, 5000.0mAh battery, 4G support, running android.","[""camera-focused"", ""long-battery"", ""smartphone""]","{""processor_brand"": ""helio"", ""num_cores"": 8.0, ""processor_speed"": 2.3, ""battery_capacity"": 5000.0, ""fast_charging"": NaN, ""ram"": 4, ""internal_memory"": 64, ""screen_size"": 6.6, ""refresh_rate"": 60, ""num_rear_cameras"": 2, ""os"": ""android"", ""primary_camera_rear"": 50.0, ""primary_camera_front"": 8.0, ""5g"": false, ""rating"": 7.0}"
phone_0021,smartphone,Samsung Galaxy S21 Ultra,Samsung,105999,"Samsung Samsung Galaxy S21 Ultra with 12GB RAM, 108.0MP rear camera, 5000.0mAh battery, 5G support, running android.","[""5g"", ""camera-focused"", ""high-refresh-display"", ""long-battery"", ""smartphone""]","{""processor_brand"": ""exynos"", ""num_cores"": 8.0, ""processor_speed"": 2.9, ""battery_capacity"": 5000.0, ""fast_charging"": 25.0, ""ram"": 12, ""internal_memory"": 256, ""screen_size"": 6.8, ""refresh_rate"": 120, ""num_rear_cameras"": 4, ""os"": ""android"", ""primary_camera_rear"": 108.0, ""primary_camera_front"": 40.0, ""5g"": true, ""rating"": NaN}"
phone_0022,smartphone,Samsung Galaxy A7 (2018),Samsung,21490,"Samsung Samsung Galaxy A7 (2018) with 4GB RAM, 24.0MP rear camera, 3300.0mAh battery, 4G support, running android.","[""smartphone""]","{""processor_brand"": ""exynos"", ""num_cores"": 8.0, ""processor_speed"": 2.2, ""battery_capacity"": 3300.0, ""fast_charging"": NaN, ""ram"": 4, ""internal_memory"": 64, ""screen_size"": 6.0, ""refresh_rate"": 60, ""num_rear_cameras"": 3, ""os"": ""android"", ""primary_camera_rear"": 24.0, ""primary_camera_front"": 24.0, ""5g"": false, ""rating"": 7.0}"
phone_0023,smartphone,Tecno Camon 19 Pro Mondrian Edition,Tecno,17999,"Tecno Tecno Camon 19 Pro Mondrian Edition with 8GB RAM, 64.0MP rear camera, 5000.0mAh battery, 4G support, running android.","[""camera-focused"", ""high-refresh-display"", ""long-battery"", ""smartphone""]","{""processor_brand"": ""helio"", ""num_cores"": 8.0, ""processor_speed"": 2.05, ""battery_capacity"": 5000.0, ""fast_charging"": 33.0, ""ram"": 8, ""internal_memory"": 128, ""screen_size"": 6.8, ""refresh_rate"": 120, ""num_rear_cameras"": 3, ""os"": ""android"", ""primary_camera_rear"": 64.0, ""primary_camera_front"": 32.0, ""5g"": false, ""rating"": 8.4}"
phone_0024,smartphone,Xiaomi Mi 11 Lite NE 5G,Xiaomi,21890,"Xiaomi Xiaomi Mi 11 Lite NE 5G with 6GB RAM, 64.0MP rear camera, 4250.0mAh battery, 5G support, running android.","[""5g"", ""camera-focused"", ""high-refresh-display"", ""smartphone""]","{""processor_brand"": ""snapdragon"", ""num_cores"": 8.0, ""processor_speed"": 2.4, ""battery_capacity"": 4250.0, ""fast_charging"": 33.0, ""ram"": 6, ""internal_memory"": 128, ""screen_size"": 6.55, ""refresh_rate"": 90, ""num_rear_cameras"": 3, ""os"": ""android"", ""primary_camera_rear"": 64.0, ""primary_camera_front"": 20.0, ""5g"": true, ""rating"": 8.3}"
phone_0025,smartphone,Xiaomi Redmi K50 Ultra 5G,Xiaomi,39999,"Xiaomi Xiaomi Redmi K50 Ultra 5G with 8GB RAM, 108.0MP rear camera, 5000.0mAh battery, 5G support, running android.","[""5g"", ""camera-focused"", ""high-refresh-display"", ""long-battery"", ""smartphone""]","{""processor_brand"": ""snapdragon"", ""num_cores"": 8.0, ""processor_speed"": 3.2, ""battery_capacity"": 5000.0, ""fast_charging"": 120.0, ""ram"": 8, ""internal_memory"": 128, ""screen_size"": 6.67, ""refresh_rate"": 144, ""num_rear_cameras"": 3, ""os"": ""android"", ""primary_camera_rear"": 108.0, ""primary_camera_front"": 20.0, ""5g"": true, ""rating"": 8.5}"
phone_0026,smartphone,OPPO F19 Pro,Oppo,17994,"Oppo OPPO F19 Pro with 8GB RAM, 48.0MP rear camera, 4310.0mAh battery, 4G support, running android.","[""camera-focused"", ""smartphone""]","{""processor_brand"": ""helio"", ""num_cores"": 8.0, ""processor_speed"": 2.2, ""battery_capacity"": 4310.0, ""fast_charging"": 30.0, ""ram"": 8, ""internal_memory"": 128, ""screen_size"": 6.43, ""refresh_rate"": 60, ""num_rear_cameras"": 4, ""os"": ""android"", ""primary_camera_rear"": 48.0, ""primary_camera_front"": 16.0, ""5g"": false, ""rating"": 8.0}"
phone_0027,smartphone,OnePlus Nord N10,Oneplus,25595,"Oneplus OnePlus Nord N10 with 6GB RAM, 64.0MP rear camera, 4300.0mAh battery, 5G support, running android.","[""5g"", ""camera-focused"", ""high-refresh-display"", ""smartphone""]","{""processor_brand"": ""snapdragon"", ""num_cores"": 8.0, ""processor_speed"": 2.0, ""battery_capacity"": 4300.0, ""fast_charging"": 30.0, ""ram"": 6, ""internal_memory"": 128, ""screen_size"": 6.49, ""refresh_rate"": 90, ""num_rear_cameras"": 4, ""os"": ""android"", ""primary_camera_rear"": 64.0, ""primary_camera_front"": 16.0, ""5g"": true, ""rating"": 8.1}"
phone_0028,smartphone,Vivo V21 5G,Vivo,23994,"Vivo Vivo V21 5G with 8GB RAM, 64.0MP rear camera, 4000.0mAh battery, 5G support, running android.","[""5g"", ""camera-focused"", ""high-refresh-display"", ""smartphone""]","{""processor_brand"": ""dimensity"", ""num_cores"": 8.0, ""processor_speed"": 2.4, ""battery_capacity"": 4000.0, ""fast_charging"": 33.0, ""ram"": 8, ""internal_memory"": 128, ""screen_size"": 6.44, ""refresh_rate"": 90, ""num_rear_cameras"": 3, ""os"": ""android"", ""primary_camera_rear"": 64.0, ""primary_camera_front"": 44.0, ""5g"": true, ""rating"": 8.5}"
phone_0029,smartphone,Xiaomi Mi 10 5G (8GB RAM + 256GB),Xiaomi,54999,"Xiaomi Xiaomi Mi 10 5G (8GB RAM + 256GB) with 8GB RAM, 108.0MP rear camera, 4780.0mAh battery, 5G support, running android.","[""5g"", ""camera-focused"", ""high-refresh-display"", ""smartphone""]","{""processor_brand"": ""snapdragon"", ""num_cores"": 8.0, ""processor_speed"": 2.84, ""battery_capacity"": 4780.0, ""fast_charging"": 30.0, ""ram"": 8, ""internal_memory"": 256, ""screen_size"": 6.67, ""refresh_rate"": 90, ""num_rear_cameras"": 4, ""os"": ""android"", ""primary_camera_rear"": 108.0, ""primary_camera_front"": 20.0, ""5g"": true, ""rating"": 8.8}"
phone_0030,smartphone,Apple iPhone 14 (512GB),Apple,95999,"Apple Apple iPhone 14 (512GB) with 6GB RAM, 12.0MP rear camera, 3279.0mAh battery, 5G support, running ios.","[""5g"", ""smartphone""]","{""processor_brand"": ""bionic"", ""num_cores"": 6.0, ""processor_speed"": 3.22, ""battery_capacity"": 3279.0, ""fast_charging"": NaN, ""ram"": 6, ""internal_memory"": 512, ""screen_size"": 6.1, ""refresh_rate"": 60, ""num_rear_cameras"": 2, ""os"": ""ios"", ""primary_camera_rear"": 12.0, ""primary_camera_front"": 12.0, ""5g"": true, ""rating"": 8.2}"
phone_0031,smartphone,Apple iPhone 14 Pro (256GB),Apple,129990,"Apple Apple iPhone 14 Pro (256GB) with 6GB RAM, 48.0MP rear camera, 3200.0mAh battery, 5G support, running ios.","[""5g"", ""camera-focused"", ""high-refresh-display"", ""smartphone""]","{""processor_brand"": ""bionic"", ""num_cores"": 6.0, ""processor_speed"": NaN, ""battery_capacity"": 3200.0, ""fast_charging"": NaN, ""ram"": 6, ""internal_memory"": 256, ""screen_size"": 6.1, ""refresh_rate"": 120, ""num_rear_cameras"": 3, ""os"": ""ios"", ""primary_camera_rear"": 48.0, ""primary_camera_front"": 12.0, ""5g"": true, ""rating"": 7.6}"
phone_0032,smartphone,Realme Narzo 50i,Realme,6490,"Realme Realme Narzo 50i with 2GB RAM, 8.0MP rear camera, 5000.0mAh battery, 4G support, running android.","[""long-battery"", ""smartphone""]","{""processor_brand"": ""unisoc"", ""num_cores"": 8.0, ""processor_speed"": 1.6, ""battery_capacity"": 5000.0, ""fast_charging"": NaN, ""ram"": 2, ""internal_memory"": 32, ""screen_size"": 6.5, ""refresh_rate"": 60, ""num_rear_cameras"": 1, ""os"": ""android"", ""primary_camera_rear"": 8.0, ""primary_camera_front"": 5.0, ""5g"": false, ""rating"": NaN}"
phone_0033,smartphone,Realme Narzo 50 Pro 5G,Realme,20490,"Realme Realme Narzo 50 Pro 5G with 6GB RAM, 48.0MP rear camera, 5000.0mAh battery, 5G support, running android.","[""5g"", ""camera-focused"", ""high-refresh-display"", ""long-battery"", ""smartphone""]","{""processor_brand"": ""dimensity"", ""num_cores"": 8.0, ""processor_speed"": 2.5, ""battery_capacity"": 5000.0, ""fast_charging"": 33.0, ""ram"": 6, ""internal_memory"": 128, ""screen_size"": 6.4, ""refresh_rate"": 90, ""num_rear_cameras"": 3, ""os"": ""android"", ""primary_camera_rear"": 48.0, ""primary_camera_front"": 16.0, ""5g"": true, ""rating"": 8.1}"
phone_0034,smartphone,Motorola Moto E32s,Motorola,7990,"Motorola Motorola Moto E32s with 3GB RAM, 16.0MP rear camera, 5000.0mAh battery, 4G support, running android.","[""high-refresh-display"", ""long-battery"", ""smartphone""]","{""processor_brand"": ""helio"", ""num_cores"": 8.0, ""processor_speed"": 1.8, ""battery_capacity"": 5000.0, ""fast_charging"": 18.0, ""ram"": 3, ""internal_memory"": 32, ""screen_size"": 6.5, ""refresh_rate"": 90, ""num_rear_cameras"": 3, ""os"": ""android"", ""primary_camera_rear"": 16.0, ""primary_camera_front"": 8.0, ""5g"": false, ""rating"": 6.5}"
phone_0035,smartphone,Poco X3 Pro,Poco,19650,"Poco Poco X3 Pro with 6GB RAM, 48.0MP rear camera, 5160.0mAh battery, 4G support, running android.","[""camera-focused"", ""high-refresh-display"", ""long-battery"", ""smartphone""]","{""processor_brand"": ""snapdragon"", ""num_cores"": 8.0, ""processor_speed"": 2.96, ""battery_capacity"": 5160.0, ""fast_charging"": 33.0, ""ram"": 6, ""internal_memory"": 128, ""screen_size"": 6.67, ""refresh_rate"": 120, ""num_rear_cameras"": 4, ""os"": ""android"", ""primary_camera_rear"": 48.0, ""primary_camera_front"": 20.0, ""5g"": false, ""rating"": 8.2}"
phone_0036,smartphone,Honor X9 5G,Honor,16999,"Honor Honor X9 5G with 8GB RAM, 48.0MP rear camera, 4800.0mAh battery, 5G support, running android.","[""5g"", ""camera-focused"", ""smartphone""]","{""processor_brand"": ""snapdragon"", ""num_cores"": 8.0, ""processor_speed"": 2.2, ""battery_capacity"": 4800.0, ""fast_charging"": 66.0, ""ram"": 8, ""internal_memory"": 128, ""screen_size"": 6.81, ""refresh_rate"": 60, ""num_rear_cameras"": 3, ""os"": ""android"", ""primary_camera_rear"": 48.0, ""primary_camera_front"": 16.0, ""5g"": true, ""rating"": 8.0}"
phone_0037,smartphone,OnePlus Nord N300,Oneplus,18990,"Oneplus OnePlus Nord N300 with 4GB RAM, 48.0MP rear camera, 5000.0mAh battery, 5G support, running android.","[""5g"", ""camera-focused"", ""high-refresh-display"", ""long-battery"", ""smartphone""]","{""processor_brand"": ""dimensity"", ""num_cores"": 8.0, ""processor_speed"": 2.4, ""battery_capacity"": 5000.0, ""fast_charging"": 33.0, ""ram"": 4, ""internal_memory"": 64, ""screen_size"": 6.56, ""refresh_rate"": 90, ""num_rear_cameras"": 2, ""os"": ""android"", ""primary_camera_rear"": 48.0, ""primary_camera_front"": 16.0, ""5g"": true, ""rating"": 7.5}"
phone_0038,smartphone,Realme Narzo 50i (4GB RAM + 64GB),Realme,8999,"Realme Realme Narzo 50i (4GB RAM + 64GB) with 4GB RAM, 8.0MP rear camera, 5000.0mAh battery, 4G support, running android.","[""long-battery"", ""smartphone""]","{""processor_brand"": ""unisoc"", ""num_cores"": 8.0, ""processor_speed"": 1.6, ""battery_capacity"": 5000.0, ""fast_charging"": NaN, ""ram"": 4, ""internal_memory"": 64, ""screen_size"": 6.5, ""refresh_rate"": 60, ""num_rear_cameras"": 1, ""os"": ""android"", ""primary_camera_rear"": 8.0, ""primary_camera_front"": 5.0, ""5g"": false, ""rating"": 6.2}"
phone_0039,smartphone,Tecno Phantom X2 Pro,Tecno,49999,"Tecno Tecno Phantom X2 Pro with 12GB RAM, 50.0MP rear camera, 5160.0mAh battery, 5G support, running android.","[""5g"", ""camera-focused"", ""high-refresh-display"", ""long-battery"", ""smartphone""]","{""processor_brand"": ""dimensity"", ""num_cores"": 8.0, ""processor_speed"": 3.05, ""battery_capacity"": 5160.0, ""fast_charging"": 45.0, ""ram"": 12, ""internal_memory"": 256, ""screen_size"": 6.8, ""refresh_rate"": 120, ""num_rear_cameras"": 3, ""os"": ""android"", ""primary_camera_rear"": 50.0, ""primary_camera_front"": 32.0, ""5g"": true, ""rating"": 8.9}"
phone_0040,smartphone,Samsung Galaxy A32 (8GB RAM + 128GB),Samsung,16499,"Samsung Samsung Galaxy A32 (8GB RAM + 128GB) with 8GB RAM, 64.0MP rear camera, 5000.0mAh battery, 4G support, running android.","[""camera-focused"", ""high-refresh-display"", ""long-battery"", ""smartphone""]","{""processor_brand"": ""helio"", ""num_cores"": 8.0, ""processor_speed"": 2.0, ""battery_capacity"": 5000.0, ""fast_charging"": 15.0, ""ram"": 8, ""internal_memory"": 128, ""screen_size"": 6.4, ""refresh_rate"": 90, ""num_rear_cameras"": 4, ""os"": ""android"", ""primary_camera_rear"": 64.0, ""primary_camera_front"": 20.0, ""5g"": false, ""rating"": 8.2}"
phone_0041,smartphone,Vivo Y91c,Vivo,8199,"Vivo Vivo Y91c with 2GB RAM, 13.0MP rear camera, 4030.0mAh battery, 4G support, running android.","[""smartphone""]","{""processor_brand"": ""helio"", ""num_cores"": 8.0, ""processor_speed"": 2.0, ""battery_capacity"": 4030.0, ""fast_charging"": NaN, ""ram"": 2, ""internal_memory"": 32, ""screen_size"": 6.22, ""refresh_rate"": 60, ""num_rear_cameras"": 1, ""os"": ""android"", ""primary_camera_rear"": 13.0, ""primary_camera_front"": 5.0, ""5g"": false, ""rating"": NaN}"
phone_0042,smartphone,Realme Q3i 5G,Realme,10990,"Realme Realme Q3i 5G with 4GB RAM, 48.0MP rear camera, 5000.0mAh battery, 5G support, running android.","[""5g"", ""camera-focused"", ""long-battery"", ""smartphone""]","{""processor_brand"": ""dimensity"", ""num_cores"": 8.0, ""processor_speed"": 2.2, ""battery_capacity"": 5000.0, ""fast_charging"": 18.0, ""ram"": 4, ""internal_memory"": 128, ""screen_size"": 6.5, ""refresh_rate"": 60, ""num_rear_cameras"": 3, ""os"": ""android"", ""primary_camera_rear"": 48.0, ""primary_camera_front"": 16.0, ""5g"": true, ""rating"": 7.6}"
phone_0043,smartphone,Motorola Moto E13,Motorola,10499,"Motorola Motorola Moto E13 with 2GB RAM, 13.0MP rear camera, 5000.0mAh battery, 4G support, running android.","[""long-battery"", ""smartphone""]","{""processor_brand"": ""tiger"", ""num_cores"": 8.0, ""processor_speed"": 2.0, ""battery_capacity"": 5000.0, ""fast_charging"": 10.0, ""ram"": 2, ""internal_memory"": 64, ""screen_size"": 6.5, ""refresh_rate"": 60, ""num_rear_cameras"": 1, ""os"": ""android"", ""primary_camera_rear"": 13.0, ""primary_camera_front"": 5.0, ""5g"": false, ""rating"": 6.5}"
phone_0044,smartphone,iKall Z19,Ikall,7999,"Ikall iKall Z19 with 4GB RAM, 20.0MP rear camera, 5000.0mAh battery, 4G support, running android.","[""long-battery"", ""smartphone""]","{""processor_brand"": NaN, ""num_cores"": 4.0, ""processor_speed"": 1.6, ""battery_capacity"": 5000.0, ""fast_charging"": NaN, ""ram"": 4, ""internal_memory"": 32, ""screen_size"": 6.5, ""refresh_rate"": 60, ""num_rear_cameras"": 1, ""os"": ""android"", ""primary_camera_rear"": 20.0, ""primary_camera_front"": 13.0, ""5g"": false, ""rating"": 6.1}"
phone_0045,smartphone,Vivo V25 Pro 5G,Vivo,35999,"Vivo Vivo V25 Pro 5G with 8GB RAM, 64.0MP rear camera, 4830.0mAh battery, 5G support, running android.","[""5g"", ""camera-focused"", ""high-refresh-display"", ""smartphone""]","{""processor_brand"": ""dimensity"", ""num_cores"": 8.0, ""processor_speed"": 3.0, ""battery_capacity"": 4830.0, ""fast_charging"": 66.0, ""ram"": 8, ""internal_memory"": 128, ""screen_size"": 6.56, ""refresh_rate"": 120, ""num_rear_cameras"": 3, ""os"": ""android"", ""primary_camera_rear"": 64.0, ""primary_camera_front"": 32.0, ""5g"": true, ""rating"": 8.5}"
phone_0046,smartphone,POCO X4 GT 5G (8GB RAM + 256GB),Poco,28990,"Poco POCO X4 GT 5G (8GB RAM + 256GB) with 8GB RAM, 64.0MP rear camera, 5080.0mAh battery, 5G support, running android.","[""5g"", ""camera-focused"", ""high-refresh-display"", ""long-battery"", ""smartphone""]","{""processor_brand"": ""dimensity"", ""num_cores"": 8.0, ""processor_speed"": 2.85, ""battery_capacity"": 5080.0, ""fast_charging"": 67.0, ""ram"": 8, ""internal_memory"": 256, ""screen_size"": 6.6, ""refresh_rate"": 144, ""num_rear_cameras"": 3, ""os"": ""android"", ""primary_camera_rear"": 64.0, ""primary_camera_front"": 16.0, ""5g"": true, ""rating"": 8.5}"
phone_0047,smartphone,OnePlus 10 Pro 5G (12GB RAM + 256GB),Oneplus,65499,"Oneplus OnePlus 10 Pro 5G (12GB RAM + 256GB) with 12GB RAM, 50.0MP rear camera, 5000.0mAh battery, 5G support, running android.","[""5g"", ""camera-focused"", ""high-refresh-display"", ""long-battery"", ""smartphone""]","{""processor_brand"": ""snapdragon"", ""num_cores"": 8.0, ""processor_speed"": 3.0, ""battery_capacity"": 5000.0, ""fast_charging"": 80.0, ""ram"": 12, ""internal_memory"": 256, ""screen_size"": 6.7, ""refresh_rate"": 120, ""num_rear_cameras"": 3, ""os"": ""android"", ""primary_camera_rear"": 50.0, ""primary_camera_front"": 32.0, ""5g"": true, ""rating"": NaN}"
phone_0048,smartphone,Oppo Find N Fold,Oppo,99990,"Oppo Oppo Find N Fold with 8GB RAM, 50.0MP rear camera, 5000.0mAh battery, 5G support, running other.","[""5g"", ""camera-focused"", ""high-refresh-display"", ""long-battery"", ""smartphone""]","{""processor_brand"": ""snapdragon"", ""num_cores"": 8.0, ""processor_speed"": 3.2, ""battery_capacity"": 5000.0, ""fast_charging"": 67.0, ""ram"": 8, ""internal_memory"": 256, ""screen_size"": 7.1, ""refresh_rate"": 120, ""num_rear_cameras"": 2, ""os"": ""other"", ""primary_camera_rear"": 50.0, ""primary_camera_front"": NaN, ""5g"": true, ""rating"": NaN}"
phone_0049,smartphone,OPPO A16e (4GB RAM + 64GB),Oppo,8999,"Oppo OPPO A16e (4GB RAM + 64GB) with 4GB RAM, 13.0MP rear camera, 4230.0mAh battery, 4G support, running android.","[""smartphone""]","{""processor_brand"": ""helio"", ""num_cores"": 8.0, ""processor_speed"": 2.0, ""battery_capacity"": 4230.0, ""fast_charging"": NaN, ""ram"": 4, ""internal_memory"": 64, ""screen_size"": 6.52, ""refresh_rate"": 60, ""num_rear_cameras"": 1, ""os"": ""android"", ""primary_camera_rear"": 13.0, ""primary_camera_front"": 5.0, ""5g"": false, ""rating"": 6.8}"
phone_0050,smartphone,Motorola Moto G32,Motorola,10499,"Motorola Motorola Moto G32 with 4GB RAM, 50.0MP rear camera, 5000.0mAh battery, 4G support, running android.","[""camera-focused"", ""high-refresh-display"", ""long-battery"", ""smartphone""]","{""processor_brand"": ""snapdragon"", ""num_cores"": 8.0, ""processor_speed"": 2.4, ""battery_capacity"": 5000.0, ""fast_charging"": 33.0, ""ram"": 4, ""internal_memory"": 64, ""screen_size"": 6.55, ""refresh_rate"": 90, ""num_rear_cameras"": 3, ""os"": ""android"", ""primary_camera_rear"": 50.0, ""primary_camera_front"": 16.0, ""5g"": false, ""rating"": 7.5}"
phone_0051,smartphone,Sony Xperia 5 II,Sony,69990,"Sony Sony Xperia 5 II with 8GB RAM, 12.0MP rear camera, 4000.0mAh battery, 5G support, running android.","[""5g"", ""high-refresh-display"", ""smartphone""]","{""processor_brand"": ""snapdragon"", ""num_cores"": 8.0, ""processor_speed"": 2.84, ""battery_capacity"": 4000.0, ""fast_charging"": 21.0, ""ram"": 8, ""internal_memory"": 128, ""screen_size"": 6.1, ""refresh_rate"": 120, ""num_rear_cameras"": 3, ""os"": ""android"", ""primary_camera_rear"": 12.0, ""primary_camera_front"": 8.0, ""5g"": true, ""rating"": 8.6}"
phone_0052,smartphone,Apple iPhone 15 Ultra,Apple,149900,"Apple Apple iPhone 15 Ultra with 8GB RAM, 48.0MP rear camera, 4700.0mAh battery, 5G support, running ios.","[""5g"", ""camera-focused"", ""high-refresh-display"", ""smartphone""]","{""processor_brand"": ""bionic"", ""num_cores"": 8.0, ""processor_speed"": NaN, ""battery_capacity"": 4700.0, ""fast_charging"": NaN, ""ram"": 8, ""internal_memory"": 128, ""screen_size"": 6.73, ""refresh_rate"": 120, ""num_rear_cameras"": 3, ""os"": ""ios"", ""primary_camera_rear"": 48.0, ""primary_camera_front"": 12.0, ""5g"": true, ""rating"": 7.9}"
phone_0053,smartphone,Vivo U3x,Vivo,8990,"Vivo Vivo U3x with 6GB RAM, 13.0MP rear camera, 5000.0mAh battery, 5G support, running android.","[""5g"", ""high-refresh-display"", ""long-battery"", ""smartphone""]","{""processor_brand"": ""snapdragon"", ""num_cores"": 8.0, ""processor_speed"": 2.0, ""battery_capacity"": 5000.0, ""fast_charging"": 18.0, ""ram"": 6, ""internal_memory"": 64, ""screen_size"": 6.58, ""refresh_rate"": 90, ""num_rear_cameras"": 2, ""os"": ""android"", ""primary_camera_rear"": 13.0, ""primary_camera_front"": 8.0, ""5g"": true, ""rating"": 7.1}"
phone_0054,smartphone,OnePlus Nord CE 2 Lite 5G (8GB RAM + 256GB),Oneplus,24999,"Oneplus OnePlus Nord CE 2 Lite 5G (8GB RAM + 256GB) with 8GB RAM, 64.0MP rear camera, 5000.0mAh battery, 5G support, running android.","[""5g"", ""camera-focused"", ""high-refresh-display"", ""long-battery"", ""smartphone""]","{""processor_brand"": ""snapdragon"", ""num_cores"": 8.0, ""processor_speed"": 2.2, ""battery_capacity"": 5000.0, ""fast_charging"": 33.0, ""ram"": 8, ""internal_memory"": 256, ""screen_size"": 6.59, ""refresh_rate"": 120, ""num_rear_cameras"": 3, ""os"": ""android"", ""primary_camera_rear"": 64.0, ""primary_camera_front"": 16.0, ""5g"": true, ""rating"": 8.5}"
phone_0055,smartphone,Nokia G60,Nokia,28498,"Nokia Nokia G60 with 6GB RAM, 50.0MP rear camera, 4500.0mAh battery, 5G support, running android.","[""5g"", ""camera-focused"", ""high-refresh-display"", ""smartphone""]","{""processor_brand"": ""snapdragon"", ""num_cores"": 8.0, ""processor_speed"": 2.2, ""battery_capacity"": 4500.0, ""fast_charging"": 20.0, ""ram"": 6, ""internal_memory"": 128, ""screen_size"": 6.58, ""refresh_rate"": 120, ""num_rear_cameras"": 3, ""os"": ""android"", ""primary_camera_rear"": 50.0, ""primary_camera_front"": 8.0, ""5g"": true, ""rating"": 8.1}"
phone_0056,smartphone,Samsung Galaxy A33 5G (8GB RAM + 128GB),Samsung,27499,"Samsung Samsung Galaxy A33 5G (8GB RAM + 128GB) with 8GB RAM, 48.0MP rear camera, 5000.0mAh battery, 5G support, running android.","[""5g"", ""camera-focused"", ""high-refresh-display"", ""long-battery"", ""smartphone""]","{""processor_brand"": ""exynos"", ""num_cores"": 8.0, ""processor_speed"": 2.4, ""battery_capacity"": 5000.0, ""fast_charging"": 25.0, ""ram"": 8, ""internal_memory"": 128, ""screen_size"": 6.4, ""refresh_rate"": 90, ""num_rear_cameras"": 4, ""os"": ""android"", ""primary_camera_rear"": 48.0, ""primary_camera_front"": 13.0, ""5g"": true, ""rating"": 8.5}"
phone_0057,smartphone,Duoqin F22 Pro,Duoqin,9990,"Duoqin Duoqin F22 Pro with 4GB RAM, 8.0MP rear camera, 2150.0mAh battery, 4G support, running android.","[""smartphone""]","{""processor_brand"": ""helio"", ""num_cores"": 8.0, ""processor_speed"": 2.0, ""battery_capacity"": 2150.0, ""fast_charging"": NaN, ""ram"": 4, ""internal_memory"": 64, ""screen_size"": 3.54, ""refresh_rate"": 60, ""num_rear_cameras"": 1, ""os"": ""android"", ""primary_camera_rear"": 8.0, ""primary_camera_front"": 2.0, ""5g"": false, ""rating"": NaN}"
phone_0058,smartphone,Samsung Galaxy A05,Samsung,12990,"Samsung Samsung Galaxy A05 with 4GB RAM, 48.0MP rear camera, 5000.0mAh battery, 4G support, running android.","[""camera-focused"", ""long-battery"", ""smartphone""]","{""processor_brand"": NaN, ""num_cores"": 8.0, ""processor_speed"": NaN, ""battery_capacity"": 5000.0, ""fast_charging"": 18.0, ""ram"": 4, ""internal_memory"": 64, ""screen_size"": 6.5, ""refresh_rate"": 60, ""num_rear_cameras"": 2, ""os"": ""android"", ""primary_camera_rear"": 48.0, ""primary_camera_front"": 5.0, ""5g"": false, ""rating"": 6.3}"
phone_0059,smartphone,Infinix Zero Ultra,Infinix,36999,"Infinix Infinix Zero Ultra with 8GB RAM, 200.0MP rear camera, 4500.0mAh battery, 5G support, running android.","[""5g"", ""camera-focused"", ""high-refresh-display"", ""smartphone""]","{""processor_brand"": ""dimensity"", ""num_cores"": 8.0, ""processor_speed"": 2.5, ""battery_capacity"": 4500.0, ""fast_charging"": 180.0, ""ram"": 8, ""internal_memory"": 256, ""screen_size"": 6.8, ""refresh_rate"": 120, ""num_rear_cameras"": 3, ""os"": ""android"", ""primary_camera_rear"": 200.0, ""primary_camera_front"": 32.0, ""5g"": true, ""rating"": 8.9}"
phone_0060,smartphone,Huawei Mate Xs 2,Huawei,162990,"Huawei Huawei Mate Xs 2 with 8GB RAM, 50.0MP rear camera, 4600.0mAh battery, 4G support, running nan.","[""camera-focused"", ""high-refresh-display"", ""smartphone""]","{""processor_brand"": ""snapdragon"", ""num_cores"": 8.0, ""processor_speed"": 2.84, ""battery_capacity"": 4600.0, ""fast_charging"": 66.0, ""ram"": 8, ""internal_memory"": 512, ""screen_size"": 7.8, ""refresh_rate"": 120, ""num_rear_cameras"": 3, ""os"": NaN, ""primary_camera_rear"": 50.0, ""primary_camera_front"": 11.0, ""5g"": false, ""rating"": 8.9}"
phone_0061,smartphone,OnePlus Ace 2,Oneplus,34999,"Oneplus OnePlus Ace 2 with 8GB RAM, 50.0MP rear camera, 5000.0mAh battery, 5G support, running android.","[""5g"", ""camera-focused"", ""high-refresh-display"", ""long-battery"", ""smartphone""]","{""processor_brand"": ""snapdragon"", ""num_cores"": 8.0, ""processor_speed"": 3.2, ""battery_capacity"": 5000.0, ""fast_charging"": 100.0, ""ram"": 8, ""internal_memory"": 128, ""screen_size"": 6.7, ""refresh_rate"": 120, ""num_rear_cameras"": 3, ""os"": ""android"", ""primary_camera_rear"": 50.0, ""primary_camera_front"": 16.0, ""5g"": true, ""rating"": 8.4}"
phone_0062,smartphone,Xiaomi Redmi Note 10,Xiaomi,13990,"Xiaomi Xiaomi Redmi Note 10 with 4GB RAM, 48.0MP rear camera, 5000.0mAh battery, 4G support, running android.","[""camera-focused"", ""long-battery"", ""smartphone""]","{""processor_brand"": ""snapdragon"", ""num_cores"": 8.0, ""processor_speed"": 2.2, ""battery_capacity"": 5000.0, ""fast_charging"": 33.0, ""ram"": 4, ""internal_memory"": 64, ""screen_size"": 6.43, ""refresh_rate"": 60, ""num_rear_cameras"": 4, ""os"": ""android"", ""primary_camera_rear"": 48.0, ""primary_camera_front"": 13.0, ""5g"": false, ""rating"": 7.5}"
phone_0063,smartphone,POCO M4 Pro 4G,Poco,11999,"Poco POCO M4 Pro 4G with 6GB RAM, 64.0MP rear camera, 5000.0mAh battery, 4G support, running android.","[""camera-focused"", ""high-refresh-display"", ""long-battery"", ""smartphone""]","{""processor_brand"": ""helio"", ""num_cores"": 8.0, ""processor_speed"": 2.05, ""battery_capacity"": 5000.0, ""fast_charging"": 33.0, ""ram"": 6, ""internal_memory"": 64, ""screen_size"": 6.43, ""refresh_rate"": 90, ""num_rear_cameras"": 3, ""os"": ""android"", ""primary_camera_rear"": 64.0, ""primary_camera_front"": 16.0, ""5g"": false, ""rating"": 7.7}"
phone_0064,smartphone,Nokia G21,Nokia,11999,"Nokia Nokia G21 with 4GB RAM, 50.0MP rear camera, 5050.0mAh battery, 4G support, running android.","[""camera-focused"", ""high-refresh-display"", ""long-battery"", ""smartphone""]","{""processor_brand"": ""unisoc"", ""num_cores"": 8.0, ""processor_speed"": 1.6, ""battery_capacity"": 5050.0, ""fast_charging"": 18.0, ""ram"": 4, ""internal_memory"": 64, ""screen_size"": 6.5, ""refresh_rate"": 90, ""num_rear_cameras"": 3, ""os"": ""android"", ""primary_camera_rear"": 50.0, ""primary_camera_front"": 8.0, ""5g"": false, ""rating"": 7.1}"
phone_0065,smartphone,Vivo V20,Vivo,23269,"Vivo Vivo V20 with 8GB RAM, 64.0MP rear camera, 4000.0mAh battery, 4G support, running android.","[""camera-focused"", ""smartphone""]","{""processor_brand"": ""snapdragon"", ""num_cores"": 8.0, ""processor_speed"": 2.3, ""battery_capacity"": 4000.0, ""fast_charging"": 33.0, ""ram"": 8, ""internal_memory"": 128, ""screen_size"": 6.44, ""refresh_rate"": 60, ""num_rear_cameras"": 3, ""os"": ""android"", ""primary_camera_rear"": 64.0, ""primary_camera_front"": 44.0, ""5g"": false, ""rating"": 8.5}"
phone_0066,smartphone,Xiaomi Redmi Note 12,Xiaomi,17859,"Xiaomi Xiaomi Redmi Note 12 with 4GB RAM, 48.0MP rear camera, 5000.0mAh battery, 5G support, running android.","[""5g"", ""camera-focused"", ""high-refresh-display"", ""long-battery"", ""smartphone""]","{""processor_brand"": ""snapdragon"", ""num_cores"": 8.0, ""processor_speed"": 2.0, ""battery_capacity"": 5000.0, ""fast_charging"": 33.0, ""ram"": 4, ""internal_memory"": 128, ""screen_size"": 6.67, ""refresh_rate"": 120, ""num_rear_cameras"": 3, ""os"": ""android"", ""primary_camera_rear"": 48.0, ""primary_camera_front"": 13.0, ""5g"": true, ""rating"": 7.6}"
phone_0067,smartphone,Google Pixel 6 Pro (12GB RAM + 256GB),Google,79700,"Google Google Pixel 6 Pro (12GB RAM + 256GB) with 12GB RAM, 50.0MP rear camera, 5003.0mAh battery, 5G support, running android.","[""5g"", ""camera-focused"", ""high-refresh-display"", ""long-battery"", ""smartphone""]","{""processor_brand"": ""google"", ""num_cores"": 8.0, ""processor_speed"": 2.8, ""battery_capacity"": 5003.0, ""fast_charging"": 30.0, ""ram"": 12, ""internal_memory"": 256, ""screen_size"": 6.71, ""refresh_rate"": 120, ""num_rear_cameras"": 3, ""os"": ""android"", ""primary_camera_rear"": 50.0, ""primary_camera_front"": 11.0, ""5g"": true, ""rating"": NaN}"
phone_0068,smartphone,Tecno Spark 8C,Tecno,7399,"Tecno Tecno Spark 8C with 3GB RAM, 13.0MP rear camera, 5000.0mAh battery, 4G support, running android.","[""high-refresh-display"", ""long-battery"", ""smartphone""]","{""processor_brand"": ""unisoc"", ""num_cores"": 8.0, ""processor_speed"": 2.0, ""battery_capacity"": 5000.0, ""fast_charging"": NaN, ""ram"": 3, ""internal_memory"": 64, ""screen_size"": 6.6, ""refresh_rate"": 90, ""num_rear_cameras"": 2, ""os"": ""android"", ""primary_camera_rear"": 13.0, ""primary_camera_front"": 8.0, ""5g"": false, ""rating"": 6.2}"
phone_0069,smartphone,OnePlus Nord CE 2 Lite 5G (8GB RAM + 128GB),Oneplus,21995,"Oneplus OnePlus Nord CE 2 Lite 5G (8GB RAM + 128GB) with 8GB RAM, 64.0MP rear camera, 5000.0mAh battery, 5G support, running android.","[""5g"", ""camera-focused"", ""high-refresh-display"", ""long-battery"", ""smartphone""]","{""processor_brand"": ""snapdragon"", ""num_cores"": 8.0, ""processor_speed"": 2.2, ""battery_capacity"": 5000.0, ""fast_charging"": 33.0, ""ram"": 8, ""internal_memory"": 128, ""screen_size"": 6.59, ""refresh_rate"": 120, ""num_rear_cameras"": 3, ""os"": ""android"", ""primary_camera_rear"": 64.0, ""primary_camera_front"": 16.0, ""5g"": true, ""rating"": 8.4}"
phone_0070,smartphone,Samsung Galaxy A23 5G (8GB RAM + 128GB),Samsung,24999,"Samsung Samsung Galaxy A23 5G (8GB RAM + 128GB) with 8GB RAM, 50.0MP rear camera, 5000.0mAh battery, 5G support, running android.","[""5g"", ""camera-focused"", ""high-refresh-display"", ""long-battery"", ""smartphone""]","{""processor_brand"": ""snapdragon"", ""num_cores"": 8.0, ""processor_speed"": 2.2, ""battery_capacity"": 5000.0, ""fast_charging"": 25.0, ""ram"": 8, ""internal_memory"": 128, ""screen_size"": 6.6, ""refresh_rate"": 120, ""num_rear_cameras"": 4, ""os"": ""android"", ""primary_camera_rear"": 50.0, ""primary_camera_front"": 8.0, ""5g"": true, ""rating"": 8.1}"
phone_0071,smartphone,Nubia Z40 Pro 5G,Nubia,49990,"Nubia Nubia Z40 Pro 5G with 8GB RAM, 64.0MP rear camera, 5000.0mAh battery, 5G support, running android.","[""5g"", ""camera-focused"", ""high-refresh-display"", ""long-battery"", ""smartphone""]","{""processor_brand"": ""snapdragon"", ""num_cores"": 8.0, ""processor_speed"": 3.0, ""battery_capacity"": 5000.0, ""fast_charging"": 80.0, ""ram"": 8, ""internal_memory"": 128, ""screen_size"": 6.67, ""refresh_rate"": 144, ""num_rear_cameras"": 3, ""os"": ""android"", ""primary_camera_rear"": 64.0, ""primary_camera_front"": 16.0, ""5g"": true, ""rating"": 8.4}"
phone_0072,smartphone,Samsung Galaxy Z Fold 3,Samsung,110999,"Samsung Samsung Galaxy Z Fold 3 with 12GB RAM, 12.0MP rear camera, 4400.0mAh battery, 5G support, running android.","[""5g"", ""high-refresh-display"", ""smartphone""]","{""processor_brand"": ""snapdragon"", ""num_cores"": 8.0, ""processor_speed"": 2.84, ""battery_capacity"": 4400.0, ""fast_charging"": 25.0, ""ram"": 12, ""internal_memory"": 256, ""screen_size"": 7.6, ""refresh_rate"": 120, ""num_rear_cameras"": 3, ""os"": ""android"", ""primary_camera_rear"": 12.0, ""primary_camera_front"": 10.0, ""5g"": true, ""rating"": 8.9}"
phone_0073,smartphone,Sony Xperia 1 II,Sony,69999,"Sony Sony Xperia 1 II with 8GB RAM, 12.0MP rear camera, 4000.0mAh battery, 5G support, running android.","[""5g"", ""smartphone""]","{""processor_brand"": ""snapdragon"", ""num_cores"": 8.0, ""processor_speed"": 2.84, ""battery_capacity"": 4000.0, ""fast_charging"": 21.0, ""ram"": 8, ""internal_memory"": 256, ""screen_size"": 6.5, ""refresh_rate"": 60, ""num_rear_cameras"": 4, ""os"": ""android"", ""primary_camera_rear"": 12.0, ""primary_camera_front"": 8.0, ""5g"": true, ""rating"": 8.9}"
phone_0074,smartphone,iQOO Z8 5G,Iqoo,14999,"Iqoo iQOO Z8 5G with 4GB RAM, 50.0MP rear camera, 5000.0mAh battery, 5G support, running android.","[""5g"", ""camera-focused"", ""high-refresh-display"", ""long-battery"", ""smartphone""]","{""processor_brand"": ""snapdragon"", ""num_cores"": 8.0, ""processor_speed"": 2.2, ""battery_capacity"": 5000.0, ""fast_charging"": 18.0, ""ram"": 4, ""internal_memory"": 128, ""screen_size"": 6.58, ""refresh_rate"": 120, ""num_rear_cameras"": 3, ""os"": ""android"", ""primary_camera_rear"": 50.0, ""primary_camera_front"": 16.0, ""5g"": true, ""rating"": 7.8}"
phone_0075,smartphone,Google Pixel 2 XL,Google,15990,"Google Google Pixel 2 XL with 4GB RAM, 12.2MP rear camera, 3520.0mAh battery, 4G support, running android.","[""smartphone""]","{""processor_brand"": ""snapdragon"", ""num_cores"": 8.0, ""processor_speed"": 2.35, ""battery_capacity"": 3520.0, ""fast_charging"": NaN, ""ram"": 4, ""internal_memory"": 128, ""screen_size"": 6.0, ""refresh_rate"": 60, ""num_rear_cameras"": 1, ""os"": ""android"", ""primary_camera_rear"": 12.2, ""primary_camera_front"": 8.0, ""5g"": false, ""rating"": 6.9}"
phone_0076,smartphone,Vivo Y16 (3GB RAM + 64GB),Vivo,10499,"Vivo Vivo Y16 (3GB RAM + 64GB) with 3GB RAM, 13.0MP rear camera, 5000.0mAh battery, 4G support, running android.","[""long-battery"", ""smartphone""]","{""processor_brand"": ""helio"", ""num_cores"": 8.0, ""processor_speed"": 2.3, ""battery_capacity"": 5000.0, ""fast_charging"": 10.0, ""ram"": 3, ""internal_memory"": 64, ""screen_size"": 6.51, ""refresh_rate"": 60, ""num_rear_cameras"": 2, ""os"": ""android"", ""primary_camera_rear"": 13.0, ""primary_camera_front"": 5.0, ""5g"": false, ""rating"": 6.6}"
phone_0077,smartphone,itel P36,Itel,6490,"Itel itel P36 with 1GB RAM, 8.0MP rear camera, 5000.0mAh battery, 4G support, running android.","[""long-battery"", ""smartphone""]","{""processor_brand"": ""spreadtrum"", ""num_cores"": 4.0, ""processor_speed"": 1.3, ""battery_capacity"": 5000.0, ""fast_charging"": NaN, ""ram"": 1, ""internal_memory"": 16, ""screen_size"": 6.5, ""refresh_rate"": 60, ""num_rear_cameras"": 2, ""os"": ""android"", ""primary_camera_rear"": 8.0, ""primary_camera_front"": 8.0, ""5g"": false, ""rating"": NaN}"
phone_0078,smartphone,Samsung Galaxy A33 5G,Samsung,25999,"Samsung Samsung Galaxy A33 5G with 6GB RAM, 48.0MP rear camera, 5000.0mAh battery, 5G support, running android.","[""5g"", ""camera-focused"", ""high-refresh-display"", ""long-battery"", ""smartphone""]","{""processor_brand"": ""exynos"", ""num_cores"": 8.0, ""processor_speed"": 2.4, ""battery_capacity"": 5000.0, ""fast_charging"": 25.0, ""ram"": 6, ""internal_memory"": 128, ""screen_size"": 6.4, ""refresh_rate"": 90, ""num_rear_cameras"": 4, ""os"": ""android"", ""primary_camera_rear"": 48.0, ""primary_camera_front"": 13.0, ""5g"": true, ""rating"": 8.2}"
phone_0079,smartphone,Samsung Galaxy M13 (4GB RAM + 64GB),Samsung,10630,"Samsung Samsung Galaxy M13 (4GB RAM + 64GB) with 4GB RAM, 50.0MP rear camera, 6000.0mAh battery, 4G support, running android.","[""camera-focused"", ""long-battery"", ""smartphone""]","{""processor_brand"": ""exynos"", ""num_cores"": 8.0, ""processor_speed"": 2.0, ""battery_capacity"": 6000.0, ""fast_charging"": 15.0, ""ram"": 4, ""internal_memory"": 64, ""screen_size"": 6.6, ""refresh_rate"": 60, ""num_rear_cameras"": 3, ""os"": ""android"", ""primary_camera_rear"": 50.0, ""primary_camera_front"": 8.0, ""5g"": false, ""rating"": 7.1}"
phone_0080,smartphone,Vivo Y22s,Vivo,14990,"Vivo Vivo Y22s with 8GB RAM, 50.0MP rear camera, 5000.0mAh battery, 4G support, running android.","[""camera-focused"", ""high-refresh-display"", ""long-battery"", ""smartphone""]","{""processor_brand"": ""snapdragon"", ""num_cores"": 8.0, ""processor_speed"": 2.4, ""battery_capacity"": 5000.0, ""fast_charging"": 18.0, ""ram"": 8, ""internal_memory"": 128, ""screen_size"": 6.55, ""refresh_rate"": 90, ""num_rear_cameras"": 2, ""os"": ""android"", ""primary_camera_rear"": 50.0, ""primary_camera_front"": 8.0, ""5g"": false, ""rating"": 7.7}"
phone_0081,smartphone,Vivo V20 Pro,Vivo,27000,"Vivo Vivo V20 Pro with 8GB RAM, 64.0MP rear camera, 4000.0mAh battery, 5G support, running android.","[""5g"", ""camera-focused"", ""smartphone""]","{""processor_brand"": ""snapdragon"", ""num_cores"": 8.0, ""processor_speed"": 2.4, ""battery_capacity"": 4000.0, ""fast_charging"": 33.0, ""ram"": 8, ""internal_memory"": 128, ""screen_size"": 6.44, ""refresh_rate"": 60, ""num_rear_cameras"": 3, ""os"": ""android"", ""primary_camera_rear"": 64.0, ""primary_camera_front"": 44.0, ""5g"": true, ""rating"": 8.4}"
phone_0082,smartphone,Vivo Y11 (2019),Vivo,9490,"Vivo Vivo Y11 (2019) with 3GB RAM, 13.0MP rear camera, 5000.0mAh battery, 4G support, running android.","[""long-battery"", ""smartphone""]","{""processor_brand"": ""snapdragon"", ""num_cores"": 8.0, ""processor_speed"": 2.0, ""battery_capacity"": 5000.0, ""fast_charging"": NaN, ""ram"": 3, ""internal_memory"": 32, ""screen_size"": 6.35, ""refresh_rate"": 60, ""num_rear_cameras"": 2, ""os"": ""android"", ""primary_camera_rear"": 13.0, ""primary_camera_front"": 8.0, ""5g"": false, ""rating"": 6.4}"
phone_0083,smartphone,Vivo Y12G (3GB RAM + 64GB),Vivo,11990,"Vivo Vivo Y12G (3GB RAM + 64GB) with 3GB RAM, 13.0MP rear camera, 5000.0mAh battery, 4G support, running android.","[""long-battery"", ""smartphone""]","{""processor_brand"": ""snapdragon"", ""num_cores"": 8.0, ""processor_speed"": 2.0, ""battery_capacity"": 5000.0, ""fast_charging"": NaN, ""ram"": 3, ""internal_memory"": 64, ""screen_size"": 6.51, ""refresh_rate"": 60, ""num_rear_cameras"": 3, ""os"": ""android"", ""primary_camera_rear"": 13.0, ""primary_camera_front"": 8.0, ""5g"": false, ""rating"": 6.8}"
phone_0084,smartphone,Samsung Galaxy S20 Plus 5G,Samsung,85990,"Samsung Samsung Galaxy S20 Plus 5G with 8GB RAM, 64.0MP rear camera, 4500.0mAh battery, 5G support, running android.","[""5g"", ""camera-focused"", ""smartphone""]","{""processor_brand"": ""exynos"", ""num_cores"": 8.0, ""processor_speed"": 2.73, ""battery_capacity"": 4500.0, ""fast_charging"": 25.0, ""ram"": 8, ""internal_memory"": 128, ""screen_size"": 6.7, ""refresh_rate"": 60, ""num_rear_cameras"": 4, ""os"": ""android"", ""primary_camera_rear"": 64.0, ""primary_camera_front"": 10.0, ""5g"": true, ""rating"": NaN}"
phone_0085,smartphone,Xiaomi 12 Lite 5G,Xiaomi,29990,"Xiaomi Xiaomi 12 Lite 5G with 6GB RAM, 108.0MP rear camera, 4300.0mAh battery, 5G support, running android.","[""5g"", ""camera-focused"", ""high-refresh-display"", ""smartphone""]","{""processor_brand"": ""snapdragon"", ""num_cores"": 8.0, ""processor_speed"": 2.4, ""battery_capacity"": 4300.0, ""fast_charging"": 67.0, ""ram"": 6, ""internal_memory"": 128, ""screen_size"": 6.55, ""refresh_rate"": 120, ""num_rear_cameras"": 3, ""os"": ""android"", ""primary_camera_rear"": 108.0, ""primary_camera_front"": 32.0, ""5g"": true, ""rating"": 8.2}"
phone_0086,smartphone,Samsung Galaxy S23 FE 5G,Samsung,54999,"Samsung Samsung Galaxy S23 FE 5G with 8GB RAM, 64.0MP rear camera, 4500.0mAh battery, 5G support, running android.","[""5g"", ""camera-focused"", ""smartphone""]","{""processor_brand"": NaN, ""num_cores"": 8.0, ""processor_speed"": NaN, ""battery_capacity"": 4500.0, ""fast_charging"": NaN, ""ram"": 8, ""internal_memory"": 128, ""screen_size"": 6.5, ""refresh_rate"": 60, ""num_rear_cameras"": 4, ""os"": ""android"", ""primary_camera_rear"": 64.0, ""primary_camera_front"": 32.0, ""5g"": true, ""rating"": 7.7}"
phone_0087,smartphone,Xiaomi Redmi Note 12 Pro Plus (12GB RAM + 256GB),Xiaomi,32999,"Xiaomi Xiaomi Redmi Note 12 Pro Plus (12GB RAM + 256GB) with 12GB RAM, 200.0MP rear camera, 4980.0mAh battery, 5G support, running android.","[""5g"", ""camera-focused"", ""high-refresh-display"", ""smartphone""]","{""processor_brand"": ""dimensity"", ""num_cores"": 8.0, ""processor_speed"": 2.6, ""battery_capacity"": 4980.0, ""fast_charging"": 120.0, ""ram"": 12, ""internal_memory"": 256, ""screen_size"": 6.67, ""refresh_rate"": 120, ""num_rear_cameras"": 3, ""os"": ""android"", ""primary_camera_rear"": 200.0, ""primary_camera_front"": 16.0, ""5g"": true, ""rating"": 8.7}"
phone_0088,smartphone,OnePlus Nord CE 3 Lite 5G,Oneplus,18999,"Oneplus OnePlus Nord CE 3 Lite 5G with 6GB RAM, 50.0MP rear camera, 5000.0mAh battery, 5G support, running android.","[""5g"", ""camera-focused"", ""high-refresh-display"", ""long-battery"", ""smartphone""]","{""processor_brand"": ""snapdragon"", ""num_cores"": 8.0, ""processor_speed"": 2.2, ""battery_capacity"": 5000.0, ""fast_charging"": 33.0, ""ram"": 6, ""internal_memory"": 128, ""screen_size"": 6.59, ""refresh_rate"": 120, ""num_rear_cameras"": 3, ""os"": ""android"", ""primary_camera_rear"": 50.0, ""primary_camera_front"": 16.0, ""5g"": true, ""rating"": 8.1}"
phone_0089,smartphone,Honor X8,Honor,16999,"Honor Honor X8 with 6GB RAM, 64.0MP rear camera, 4000.0mAh battery, 4G support, running android.","[""camera-focused"", ""high-refresh-display"", ""smartphone""]","{""processor_brand"": ""snapdragon"", ""num_cores"": 8.0, ""processor_speed"": 2.4, ""battery_capacity"": 4000.0, ""fast_charging"": 22.0, ""ram"": 6, ""internal_memory"": 128, ""screen_size"": 6.7, ""refresh_rate"": 90, ""num_rear_cameras"": 4, ""os"": ""android"", ""primary_camera_rear"": 64.0, ""primary_camera_front"": 16.0, ""5g"": false, ""rating"": 7.6}"
phone_0090,smartphone,Nubia Red Magic 8 Pro 5G,Nubia,46990,"Nubia Nubia Red Magic 8 Pro 5G with 8GB RAM, 50.0MP rear camera, 6000.0mAh battery, 5G support, running android.","[""5g"", ""camera-focused"", ""high-refresh-display"", ""long-battery"", ""smartphone""]","{""processor_brand"": ""snapdragon"", ""num_cores"": 8.0, ""processor_speed"": 3.2, ""battery_capacity"": 6000.0, ""fast_charging"": 80.0, ""ram"": 8, ""internal_memory"": 128, ""screen_size"": 6.8, ""refresh_rate"": 120, ""num_rear_cameras"": 3, ""os"": ""android"", ""primary_camera_rear"": 50.0, ""primary_camera_front"": 16.0, ""5g"": true, ""rating"": 8.4}"
phone_0091,smartphone,Samsung Galaxy A53 (8GB RAM + 256GB),Samsung,36499,"Samsung Samsung Galaxy A53 (8GB RAM + 256GB) with 8GB RAM, 64.0MP rear camera, 5000.0mAh battery, 5G support, running android.","[""5g"", ""camera-focused"", ""high-refresh-display"", ""long-battery"", ""smartphone""]","{""processor_brand"": ""exynos"", ""num_cores"": 8.0, ""processor_speed"": 2.4, ""battery_capacity"": 5000.0, ""fast_charging"": 25.0, ""ram"": 8, ""internal_memory"": 256, ""screen_size"": 6.5, ""refresh_rate"": 120, ""num_rear_cameras"": 4, ""os"": ""android"", ""primary_camera_rear"": 64.0, ""primary_camera_front"": 32.0, ""5g"": true, ""rating"": 8.9}"
phone_0092,smartphone,OnePlus 6 (8GB RAM + 128GB),Oneplus,27999,"Oneplus OnePlus 6 (8GB RAM + 128GB) with 8GB RAM, 20.0MP rear camera, 3300.0mAh battery, 4G support, running android.","[""smartphone""]","{""processor_brand"": ""snapdragon"", ""num_cores"": 8.0, ""processor_speed"": 2.8, ""battery_capacity"": 3300.0, ""fast_charging"": NaN, ""ram"": 8, ""internal_memory"": 128, ""screen_size"": 6.28, ""refresh_rate"": 60, ""num_rear_cameras"": 2, ""os"": ""android"", ""primary_camera_rear"": 20.0, ""primary_camera_front"": 16.0, ""5g"": false, ""rating"": 7.7}"
phone_0093,smartphone,Motorola Edge 40 5G,Motorola,34999,"Motorola Motorola Edge 40 5G with 8GB RAM, 50.0MP rear camera, 4200.0mAh battery, 5G support, running android.","[""5g"", ""camera-focused"", ""high-refresh-display"", ""smartphone""]","{""processor_brand"": ""snapdragon"", ""num_cores"": 8.0, ""processor_speed"": 2.36, ""battery_capacity"": 4200.0, ""fast_charging"": 67.0, ""ram"": 8, ""internal_memory"": 128, ""screen_size"": 6.5, ""refresh_rate"": 144, ""num_rear_cameras"": 3, ""os"": ""android"", ""primary_camera_rear"": 50.0, ""primary_camera_front"": 32.0, ""5g"": true, ""rating"": 8.6}"
phone_0094,smartphone,Vivo T3 Pro,Vivo,31990,"Vivo Vivo T3 Pro with 8GB RAM, 64.0MP rear camera, 4700.0mAh battery, 5G support, running android.","[""5g"", ""camera-focused"", ""high-refresh-display"", ""smartphone""]","{""processor_brand"": ""snapdragon"", ""num_cores"": 8.0, ""processor_speed"": 2.7, ""battery_capacity"": 4700.0, ""fast_charging"": 80.0, ""ram"": 8, ""internal_memory"": 256, ""screen_size"": 6.67, ""refresh_rate"": 120, ""num_rear_cameras"": 3, ""os"": ""android"", ""primary_camera_rear"": 64.0, ""primary_camera_front"": 32.0, ""5g"": true, ""rating"": 8.6}"
phone_0095,smartphone,Realme 9i (4GB RAM + 128GB),Realme,13999,"Realme Realme 9i (4GB RAM + 128GB) with 4GB RAM, 50.0MP rear camera, 5000.0mAh battery, 4G support, running android.","[""camera-focused"", ""high-refresh-display"", ""long-battery"", ""smartphone""]","{""processor_brand"": ""snapdragon"", ""num_cores"": 8.0, ""processor_speed"": 2.4, ""battery_capacity"": 5000.0, ""fast_charging"": 33.0, ""ram"": 4, ""internal_memory"": 128, ""screen_size"": 6.6, ""refresh_rate"": 90, ""num_rear_cameras"": 3, ""os"": ""android"", ""primary_camera_rear"": 50.0, ""primary_camera_front"": 16.0, ""5g"": false, ""rating"": 7.5}"
phone_0096,smartphone,OPPO F21 Pro 4G,Oppo,20999,"Oppo OPPO F21 Pro 4G with 8GB RAM, 64.0MP rear camera, 4500.0mAh battery, 4G support, running android.","[""camera-focused"", ""high-refresh-display"", ""smartphone""]","{""processor_brand"": ""snapdragon"", ""num_cores"": 8.0, ""processor_speed"": 2.4, ""battery_capacity"": 4500.0, ""fast_charging"": 33.0, ""ram"": 8, ""internal_memory"": 128, ""screen_size"": 6.5, ""refresh_rate"": 90, ""num_rear_cameras"": 3, ""os"": ""android"", ""primary_camera_rear"": 64.0, ""primary_camera_front"": 32.0, ""5g"": false, ""rating"": 8.2}"
phone_0097,smartphone,OPPO A77s,Oppo,17999,"Oppo OPPO A77s with 8GB RAM, 50.0MP rear camera, 5000.0mAh battery, 4G support, running android.","[""camera-focused"", ""high-refresh-display"", ""long-battery"", ""smartphone""]","{""processor_brand"": ""snapdragon"", ""num_cores"": 8.0, ""processor_speed"": 2.4, ""battery_capacity"": 5000.0, ""fast_charging"": 33.0, ""ram"": 8, ""internal_memory"": 128, ""screen_size"": 6.56, ""refresh_rate"": 90, ""num_rear_cameras"": 2, ""os"": ""android"", ""primary_camera_rear"": 50.0, ""primary_camera_front"": 8.0, ""5g"": false, ""rating"": 7.6}"
phone_0098,smartphone,Realme C30s (4GB RAM + 64GB),Realme,8990,"Realme Realme C30s (4GB RAM + 64GB) with 4GB RAM, 8.0MP rear camera, 5000.0mAh battery, 4G support, running android.","[""long-battery"", ""smartphone""]","{""processor_brand"": ""unisoc"", ""num_cores"": 8.0, ""processor_speed"": 1.6, ""battery_capacity"": 5000.0, ""fast_charging"": 10.0, ""ram"": 4, ""internal_memory"": 64, ""screen_size"": 6.5, ""refresh_rate"": 60, ""num_rear_cameras"": 1, ""os"": ""android"", ""primary_camera_rear"": 8.0, ""primary_camera_front"": 5.0, ""5g"": false, ""rating"": 6.2}"
phone_0099,smartphone,Xiaomi Redmi 9 Activ (6GB RAM + 128GB),Xiaomi,10499,"Xiaomi Xiaomi Redmi 9 Activ (6GB RAM + 128GB) with 6GB RAM, 13.0MP rear camera, 5000.0mAh battery, 4G support, running android.","[""long-battery"", ""smartphone""]","{""processor_brand"": ""helio"", ""num_cores"": 8.0, ""processor_speed"": 2.3, ""battery_capacity"": 5000.0, ""fast_charging"": NaN, ""ram"": 6, ""internal_memory"": 128, ""screen_size"": 6.53, ""refresh_rate"": 60, ""num_rear_cameras"": 2, ""os"": ""android"", ""primary_camera_rear"": 13.0, ""primary_camera_front"": 5.0, ""5g"": false, ""rating"": 7.2}"
phone_0100,smartphone,POCO F5 GT 5G,Poco,42999,"Poco POCO F5 GT 5G with 8GB RAM, 64.0MP rear camera, 4500.0mAh battery, 5G support, running android.","[""5g"", ""camera-focused"", ""high-refresh-display"", ""smartphone""]","{""processor_brand"": ""dimensity"", ""num_cores"": 8.0, ""processor_speed"": 3.0, ""battery_capacity"": 4500.0, ""fast_charging"": 150.0, ""ram"": 8, ""internal_memory"": 128, ""screen_size"": 6.67, ""refresh_rate"": 120, ""num_rear_cameras"": 3, ""os"": ""android"", ""primary_camera_rear"": 64.0, ""primary_camera_front"": 20.0, ""5g"": true, ""rating"": 8.6}"
phone_0101,smartphone,Tecno Pova 4,Tecno,11999,"Tecno Tecno Pova 4 with 8GB RAM, 50.0MP rear camera, 6000.0mAh battery, 4G support, running android.","[""camera-focused"", ""high-refresh-display"", ""long-battery"", ""smartphone""]","{""processor_brand"": ""helio"", ""num_cores"": 8.0, ""processor_speed"": 2.2, ""battery_capacity"": 6000.0, ""fast_charging"": 18.0, ""ram"": 8, ""internal_memory"": 128, ""screen_size"": 6.82, ""refresh_rate"": 90, ""num_rear_cameras"": 2, ""os"": ""android"", ""primary_camera_rear"": 50.0, ""primary_camera_front"": 8.0, ""5g"": false, ""rating"": 7.3}"
phone_0102,smartphone,Samsung Galaxy M33 5G,Samsung,17478,"Samsung Samsung Galaxy M33 5G with 6GB RAM, 50.0MP rear camera, 6000.0mAh battery, 5G support, running android.","[""5g"", ""camera-focused"", ""high-refresh-display"", ""long-battery"", ""smartphone""]","{""processor_brand"": ""exynos"", ""num_cores"": 8.0, ""processor_speed"": 2.4, ""battery_capacity"": 6000.0, ""fast_charging"": 25.0, ""ram"": 6, ""internal_memory"": 128, ""screen_size"": 6.6, ""refresh_rate"": 120, ""num_rear_cameras"": 4, ""os"": ""android"", ""primary_camera_rear"": 50.0, ""primary_camera_front"": 8.0, ""5g"": true, ""rating"": 8.1}"
phone_0103,smartphone,Tecno Pova 2,Tecno,10999,"Tecno Tecno Pova 2 with 4GB RAM, 48.0MP rear camera, 7000.0mAh battery, 4G support, running android.","[""camera-focused"", ""long-battery"", ""smartphone""]","{""processor_brand"": ""helio"", ""num_cores"": 8.0, ""processor_speed"": 2.0, ""battery_capacity"": 7000.0, ""fast_charging"": 18.0, ""ram"": 4, ""internal_memory"": 64, ""screen_size"": 6.95, ""refresh_rate"": 60, ""num_rear_cameras"": 4, ""os"": ""android"", ""primary_camera_rear"": 48.0, ""primary_camera_front"": 8.0, ""5g"": false, ""rating"": 7.4}"
phone_0104,smartphone,Vivo Y55s 2023,Vivo,21999,"Vivo Vivo Y55s 2023 with 4GB RAM, 50.0MP rear camera, 5000.0mAh battery, 5G support, running android.","[""5g"", ""camera-focused"", ""long-battery"", ""smartphone""]","{""processor_brand"": ""dimensity"", ""num_cores"": 8.0, ""processor_speed"": 2.2, ""battery_capacity"": 5000.0, ""fast_charging"": 18.0, ""ram"": 4, ""internal_memory"": 128, ""screen_size"": 6.58, ""refresh_rate"": 60, ""num_rear_cameras"": 3, ""os"": ""android"", ""primary_camera_rear"": 50.0, ""primary_camera_front"": 8.0, ""5g"": true, ""rating"": 7.8}"
phone_0105,smartphone,Xiaomi Redmi Note 10S,Xiaomi,10999,"Xiaomi Xiaomi Redmi Note 10S with 6GB RAM, 64.0MP rear camera, 5000.0mAh battery, 4G support, running android.","[""camera-focused"", ""long-battery"", ""smartphone""]","{""processor_brand"": ""helio"", ""num_cores"": 8.0, ""processor_speed"": 2.05, ""battery_capacity"": 5000.0, ""fast_charging"": 33.0, ""ram"": 6, ""internal_memory"": 64, ""screen_size"": 6.43, ""refresh_rate"": 60, ""num_rear_cameras"": 4, ""os"": ""android"", ""primary_camera_rear"": 64.0, ""primary_camera_front"": 13.0, ""5g"": false, ""rating"": 7.8}"
phone_0106,smartphone,Xiaomi Redmi Note 9 Pro,Xiaomi,13999,"Xiaomi Xiaomi Redmi Note 9 Pro with 4GB RAM, 48.0MP rear camera, 5020.0mAh battery, 4G support, running android.","[""camera-focused"", ""long-battery"", ""smartphone""]","{""processor_brand"": ""snapdragon"", ""num_cores"": 8.0, ""processor_speed"": 2.3, ""battery_capacity"": 5020.0, ""fast_charging"": 18.0, ""ram"": 4, ""internal_memory"": 64, ""screen_size"": 6.67, ""refresh_rate"": 60, ""num_rear_cameras"": 4, ""os"": ""android"", ""primary_camera_rear"": 48.0, ""primary_camera_front"": 16.0, ""5g"": false, ""rating"": 7.5}"
phone_0107,smartphone,Realme GT Neo 3T,Realme,24999,"Realme Realme GT Neo 3T with 6GB RAM, 64.0MP rear camera, 5000.0mAh battery, 5G support, running android.","[""5g"", ""camera-focused"", ""high-refresh-display"", ""long-battery"", ""smartphone""]","{""processor_brand"": ""snapdragon"", ""num_cores"": 8.0, ""processor_speed"": 3.2, ""battery_capacity"": 5000.0, ""fast_charging"": 80.0, ""ram"": 6, ""internal_memory"": 128, ""screen_size"": 6.62, ""refresh_rate"": 120, ""num_rear_cameras"": 3, ""os"": ""android"", ""primary_camera_rear"": 64.0, ""primary_camera_front"": 16.0, ""5g"": true, ""rating"": 7.9}"
phone_0108,smartphone,CAT S22 Flip,Cat,14999,"Cat CAT S22 Flip with 2GB RAM, 5.0MP rear camera, 2000.0mAh battery, 4G support, running nan.","[""smartphone""]","{""processor_brand"": ""snapdragon"", ""num_cores"": 4.0, ""processor_speed"": 1.3, ""battery_capacity"": 2000.0, ""fast_charging"": NaN, ""ram"": 2, ""internal_memory"": 16, ""screen_size"": 4.0, ""refresh_rate"": 60, ""num_rear_cameras"": 1, ""os"": NaN, ""primary_camera_rear"": 5.0, ""primary_camera_front"": 2.0, ""5g"": false, ""rating"": NaN}"
phone_0109,smartphone,Realme Narzo 50A Prime,Realme,11399,"Realme Realme Narzo 50A Prime with 4GB RAM, 50.0MP rear camera, 5000.0mAh battery, 4G support, running android.","[""camera-focused"", ""long-battery"", ""smartphone""]","{""processor_brand"": ""tiger"", ""num_cores"": 8.0, ""processor_speed"": 1.82, ""battery_capacity"": 5000.0, ""fast_charging"": 18.0, ""ram"": 4, ""internal_memory"": 64, ""screen_size"": 6.6, ""refresh_rate"": 60, ""num_rear_cameras"": 3, ""os"": ""android"", ""primary_camera_rear"": 50.0, ""primary_camera_front"": 8.0, ""5g"": false, ""rating"": 7.3}"
phone_0110,smartphone,Samsung Galaxy Z Fold 4,Samsung,154998,"Samsung Samsung Galaxy Z Fold 4 with 12GB RAM, 50.0MP rear camera, 4400.0mAh battery, 5G support, running android.","[""5g"", ""camera-focused"", ""high-refresh-display"", ""smartphone""]","{""processor_brand"": ""snapdragon"", ""num_cores"": 8.0, ""processor_speed"": 3.2, ""battery_capacity"": 4400.0, ""fast_charging"": 25.0, ""ram"": 12, ""internal_memory"": 256, ""screen_size"": 7.6, ""refresh_rate"": 120, ""num_rear_cameras"": 3, ""os"": ""android"", ""primary_camera_rear"": 50.0, ""primary_camera_front"": 10.0, ""5g"": true, ""rating"": NaN}"
phone_0111,smartphone,Motorola Moto G72 4G,Motorola,15999,"Motorola Motorola Moto G72 4G with 6GB RAM, 108.0MP rear camera, 5000.0mAh battery, 4G support, running android.","[""camera-focused"", ""high-refresh-display"", ""long-battery"", ""smartphone""]","{""processor_brand"": ""helio"", ""num_cores"": 8.0, ""processor_speed"": 2.2, ""battery_capacity"": 5000.0, ""fast_charging"": 33.0, ""ram"": 6, ""internal_memory"": 128, ""screen_size"": 6.55, ""refresh_rate"": 120, ""num_rear_cameras"": 3, ""os"": ""android"", ""primary_camera_rear"": 108.0, ""primary_camera_front"": 16.0, ""5g"": false, ""rating"": 8.3}"
phone_0112,smartphone,Google Pixel 7 5G,Google,53100,"Google Google Pixel 7 5G with 8GB RAM, 50.0MP rear camera, 4355.0mAh battery, 5G support, running android.","[""5g"", ""camera-focused"", ""high-refresh-display"", ""smartphone""]","{""processor_brand"": ""google"", ""num_cores"": 8.0, ""processor_speed"": 2.85, ""battery_capacity"": 4355.0, ""fast_charging"": 30.0, ""ram"": 8, ""internal_memory"": 128, ""screen_size"": 6.3, ""refresh_rate"": 90, ""num_rear_cameras"": 2, ""os"": ""android"", ""primary_camera_rear"": 50.0, ""primary_camera_front"": 11.0, ""5g"": true, ""rating"": 8.6}"
phone_0113,smartphone,Nokia X60 5G,Nokia,39990,"Nokia Nokia X60 5G with 6GB RAM, 200.0MP rear camera, 6000.0mAh battery, 5G support, running other.","[""5g"", ""camera-focused"", ""high-refresh-display"", ""long-battery"", ""smartphone""]","{""processor_brand"": ""snapdragon"", ""num_cores"": 8.0, ""processor_speed"": 3.2, ""battery_capacity"": 6000.0, ""fast_charging"": 33.0, ""ram"": 6, ""internal_memory"": 128, ""screen_size"": 6.51, ""refresh_rate"": 144, ""num_rear_cameras"": 4, ""os"": ""other"", ""primary_camera_rear"": 200.0, ""primary_camera_front"": 16.0, ""5g"": true, ""rating"": 8.7}"
phone_0114,smartphone,Apple iPhone SE 4,Apple,49990,"Apple Apple iPhone SE 4 with 4GB RAM, 12.0MP rear camera, nanmAh battery, 5G support, running ios.","[""5g"", ""smartphone""]","{""processor_brand"": ""bionic"", ""num_cores"": 6.0, ""processor_speed"": 3.22, ""battery_capacity"": NaN, ""fast_charging"": NaN, ""ram"": 4, ""internal_memory"": 64, ""screen_size"": 6.1, ""refresh_rate"": 60, ""num_rear_cameras"": 1, ""os"": ""ios"", ""primary_camera_rear"": 12.0, ""primary_camera_front"": 11.0, ""5g"": true, ""rating"": 6.0}"
phone_0115,smartphone,Infinix Note 11S (8GB RAM + 128GB),Infinix,15999,"Infinix Infinix Note 11S (8GB RAM + 128GB) with 8GB RAM, 50.0MP rear camera, 5000.0mAh battery, 4G support, running android.","[""camera-focused"", ""high-refresh-display"", ""long-battery"", ""smartphone""]","{""processor_brand"": ""helio"", ""num_cores"": 8.0, ""processor_speed"": 2.05, ""battery_capacity"": 5000.0, ""fast_charging"": 33.0, ""ram"": 8, ""internal_memory"": 128, ""screen_size"": 6.95, ""refresh_rate"": 120, ""num_rear_cameras"": 3, ""os"": ""android"", ""primary_camera_rear"": 50.0, ""primary_camera_front"": 16.0, ""5g"": false, ""rating"": 7.9}"
phone_0116,smartphone,OnePlus Nord 3T 5G,Oneplus,29990,"Oneplus OnePlus Nord 3T 5G with 8GB RAM, 50.0MP rear camera, 4500.0mAh battery, 5G support, running android.","[""5g"", ""camera-focused"", ""high-refresh-display"", ""smartphone""]","{""processor_brand"": ""dimensity"", ""num_cores"": 8.0, ""processor_speed"": 3.0, ""battery_capacity"": 4500.0, ""fast_charging"": 80.0, ""ram"": 8, ""internal_memory"": 128, ""screen_size"": 6.43, ""refresh_rate"": 90, ""num_rear_cameras"": 3, ""os"": ""android"", ""primary_camera_rear"": 50.0, ""primary_camera_front"": 32.0, ""5g"": true, ""rating"": 8.4}"
phone_0117,smartphone,Samsung Galaxy F14,Samsung,14990,"Samsung Samsung Galaxy F14 with 4GB RAM, 50.0MP rear camera, 5000.0mAh battery, 4G support, running android.","[""camera-focused"", ""long-battery"", ""smartphone""]","{""processor_brand"": NaN, ""num_cores"": 8.0, ""processor_speed"": NaN, ""battery_capacity"": 5000.0, ""fast_charging"": 25.0, ""ram"": 4, ""internal_memory"": 64, ""screen_size"": 6.62, ""refresh_rate"": 60, ""num_rear_cameras"": 3, ""os"": ""android"", ""primary_camera_rear"": 50.0, ""primary_camera_front"": 16.0, ""5g"": false, ""rating"": 6.7}"
phone_0118,smartphone,Samsung Galaxy S20 5G,Samsung,74999,"Samsung Samsung Galaxy S20 5G with 8GB RAM, 64.0MP rear camera, 4000.0mAh battery, 5G support, running android.","[""5g"", ""camera-focused"", ""smartphone""]","{""processor_brand"": ""exynos"", ""num_cores"": 8.0, ""processor_speed"": 2.73, ""battery_capacity"": 4000.0, ""fast_charging"": 25.0, ""ram"": 8, ""internal_memory"": 128, ""screen_size"": 6.2, ""refresh_rate"": 60, ""num_rear_cameras"": 3, ""os"": ""android"", ""primary_camera_rear"": 64.0, ""primary_camera_front"": 10.0, ""5g"": true, ""rating"": 8.9}"
phone_0119,smartphone,Nokia X50 5G,Nokia,34999,"Nokia Nokia X50 5G with 6GB RAM, 108.0MP rear camera, 6000.0mAh battery, 5G support, running android.","[""5g"", ""camera-focused"", ""long-battery"", ""smartphone""]","{""processor_brand"": ""snapdragon"", ""num_cores"": NaN, ""processor_speed"": NaN, ""battery_capacity"": 6000.0, ""fast_charging"": 33.0, ""ram"": 6, ""internal_memory"": 64, ""screen_size"": 6.81, ""refresh_rate"": 60, ""num_rear_cameras"": 4, ""os"": ""android"", ""primary_camera_rear"": 108.0, ""primary_camera_front"": 32.0, ""5g"": true, ""rating"": 7.6}"
clothing_0000,clothing,Arrow Men Pink Slim Fit Shirt,Arrow,2109,"Men Formal Shirts in Pink, suitable for Fall season.","[""Men"", ""Formal"", ""Fall"", ""Pink"", ""Shirts""]","{""gender"": ""Men"", ""article_type"": ""Shirts"", ""color"": ""Pink"", ""season"": ""Fall"", ""usage"": ""Formal""}"
clothing_0001,clothing,Wrangler Men Urban Raiser Red Shirts,Wrangler,628,"Men Casual Shirts in Red, suitable for Fall season.","[""Men"", ""Casual"", ""Fall"", ""Red"", ""Shirts""]","{""gender"": ""Men"", ""article_type"": ""Shirts"", ""color"": ""Red"", ""season"": ""Fall"", ""usage"": ""Casual""}"
clothing_0002,clothing,Peter England Men Navy Blue Shirt,Peter England,451,"Men Casual Shirts in Navy Blue, suitable for Summer season.","[""Men"", ""Casual"", ""Summer"", ""Navy Blue"", ""Shirts""]","{""gender"": ""Men"", ""article_type"": ""Shirts"", ""color"": ""Navy Blue"", ""season"": ""Summer"", ""usage"": ""Casual""}"
clothing_0003,clothing,Highlander Men Blue Check Shirt,Highlander,963,"Men Casual Shirts in Blue, suitable for Fall season.","[""Men"", ""Casual"", ""Fall"", ""Blue"", ""Shirts""]","{""gender"": ""Men"", ""article_type"": ""Shirts"", ""color"": ""Blue"", ""season"": ""Fall"", ""usage"": ""Casual""}"
clothing_0004,clothing,Quechua Women Sweat Proof White T-shirt,Quechua,1001,"Women Sports Tshirts in White, suitable for Fall season.","[""Women"", ""Sports"", ""Fall"", ""White"", ""Tshirts""]","{""gender"": ""Women"", ""article_type"": ""Tshirts"", ""color"": ""White"", ""season"": ""Fall"", ""usage"": ""Sports""}"
clothing_0005,clothing,UCB Men Basic Logo Pink Shirt,UCB,857,"Men Casual Shirts in Pink, suitable for Summer season.","[""Men"", ""Casual"", ""Summer"", ""Pink"", ""Shirts""]","{""gender"": ""Men"", ""article_type"": ""Shirts"", ""color"": ""Pink"", ""season"": ""Summer"", ""usage"": ""Casual""}"
clothing_0006,clothing,Indigo Nation Men Check Purple Shirts,Indigo Nation,685,"Men Casual Shirts in Purple, suitable for Fall season.","[""Men"", ""Casual"", ""Fall"", ""Purple"", ""Shirts""]","{""gender"": ""Men"", ""article_type"": ""Shirts"", ""color"": ""Purple"", ""season"": ""Fall"", ""usage"": ""Casual""}"
clothing_0007,clothing,United Colors of Benetton Men Solid Navy Blue Polo T-shirts,United Colors of Benetton,609,"Men Casual Tshirts in Navy Blue, suitable for Summer season.","[""Men"", ""Casual"", ""Summer"", ""Navy Blue"", ""Tshirts""]","{""gender"": ""Men"", ""article_type"": ""Tshirts"", ""color"": ""Navy Blue"", ""season"": ""Summer"", ""usage"": ""Casual""}"
clothing_0008,clothing,Mark Taylor Men Blue Striped Shirt,Mark Taylor,2185,"Men Formal Shirts in Blue, suitable for Fall season.","[""Men"", ""Formal"", ""Fall"", ""Blue"", ""Shirts""]","{""gender"": ""Men"", ""article_type"": ""Shirts"", ""color"": ""Blue"", ""season"": ""Fall"", ""usage"": ""Formal""}"
clothing_0009,clothing,Locomotive Men Green Black Checked Shirt,Locomotive,578,"Men Casual Shirts in Green, suitable for Summer season.","[""Men"", ""Casual"", ""Summer"", ""Green"", ""Shirts""]","{""gender"": ""Men"", ""article_type"": ""Shirts"", ""color"": ""Green"", ""season"": ""Summer"", ""usage"": ""Casual""}"
clothing_0010,clothing,Locomotive Men Blue T-shirt,Locomotive,1264,"Men Casual Tshirts in Blue, suitable for Summer season.","[""Men"", ""Casual"", ""Summer"", ""Blue"", ""Tshirts""]","{""gender"": ""Men"", ""article_type"": ""Tshirts"", ""color"": ""Blue"", ""season"": ""Summer"", ""usage"": ""Casual""}"
clothing_0011,clothing,Levi's Men Printed Navy Blue Tshirts,Levi's,465,"Men Casual Tshirts in Navy Blue, suitable for Fall season.","[""Men"", ""Casual"", ""Fall"", ""Navy Blue"", ""Tshirts""]","{""gender"": ""Men"", ""article_type"": ""Tshirts"", ""color"": ""Navy Blue"", ""season"": ""Fall"", ""usage"": ""Casual""}"
clothing_0012,clothing,Tantra Unisex Printed Brown Tshirts,Tantra,461,"Unisex Casual Tshirts in Brown, suitable for Fall season.","[""Unisex"", ""Casual"", ""Fall"", ""Brown"", ""Tshirts""]","{""gender"": ""Unisex"", ""article_type"": ""Tshirts"", ""color"": ""Brown"", ""season"": ""Fall"", ""usage"": ""Casual""}"
clothing_0013,clothing,Elle Women Teal T-shirt,Elle,591,"Women Casual Tshirts in Teal, suitable for Summer season.","[""Women"", ""Casual"", ""Summer"", ""Teal"", ""Tshirts""]","{""gender"": ""Women"", ""article_type"": ""Tshirts"", ""color"": ""Teal"", ""season"": ""Summer"", ""usage"": ""Casual""}"
clothing_0014,clothing,Status Quo Men's Pink Polo T-shirt,Status Quo,847,"Men Casual Tshirts in Pink, suitable for Summer season.","[""Men"", ""Casual"", ""Summer"", ""Pink"", ""Tshirts""]","{""gender"": ""Men"", ""article_type"": ""Tshirts"", ""color"": ""Pink"", ""season"": ""Summer"", ""usage"": ""Casual""}"
clothing_0015,clothing,Probase Men Crew Neck Yellow Tshirts,Probase,876,"Men Casual Tshirts in Yellow, suitable for Fall season.","[""Men"", ""Casual"", ""Fall"", ""Yellow"", ""Tshirts""]","{""gender"": ""Men"", ""article_type"": ""Tshirts"", ""color"": ""Yellow"", ""season"": ""Fall"", ""usage"": ""Casual""}"
clothing_0016,clothing,Arrow Woman Grey Shirt,Generic,1834,"Women Formal Shirts in Grey, suitable for Summer season.","[""Women"", ""Formal"", ""Summer"", ""Grey"", ""Shirts""]","{""gender"": ""Women"", ""article_type"": ""Shirts"", ""color"": ""Grey"", ""season"": ""Summer"", ""usage"": ""Formal""}"
clothing_0017,clothing,Spykar Men's White Purple Green Stripe T-shirt,Spykar,454,"Men Casual Tshirts in White, suitable for Summer season.","[""Men"", ""Casual"", ""Summer"", ""White"", ""Tshirts""]","{""gender"": ""Men"", ""article_type"": ""Tshirts"", ""color"": ""White"", ""season"": ""Summer"", ""usage"": ""Casual""}"
clothing_0018,clothing,Indigo Nation Men Printed Blue Shirt,Indigo Nation,807,"Men Casual Shirts in Blue, suitable for Summer season.","[""Men"", ""Casual"", ""Summer"", ""Blue"", ""Shirts""]","{""gender"": ""Men"", ""article_type"": ""Shirts"", ""color"": ""Blue"", ""season"": ""Summer"", ""usage"": ""Casual""}"
clothing_0019,clothing,Mr.Men Men Printed Black Tshirt,Mr.,1259,"Men Casual Tshirts in Black, suitable for Fall season.","[""Men"", ""Casual"", ""Fall"", ""Black"", ""Tshirts""]","{""gender"": ""Men"", ""article_type"": ""Tshirts"", ""color"": ""Black"", ""season"": ""Fall"", ""usage"": ""Casual""}"
clothing_0020,clothing,ADIDAS Men Navy Blue Polo T-shirt,ADIDAS,951,"Men Sports Tshirts in Navy Blue, suitable for Summer season.","[""Men"", ""Sports"", ""Summer"", ""Navy Blue"", ""Tshirts""]","{""gender"": ""Men"", ""article_type"": ""Tshirts"", ""color"": ""Navy Blue"", ""season"": ""Summer"", ""usage"": ""Sports""}"
clothing_0021,clothing,Wrangler Men American Flag Red Shirt,Wrangler,1319,"Men Casual Shirts in Red, suitable for Summer season.","[""Men"", ""Casual"", ""Summer"", ""Red"", ""Shirts""]","{""gender"": ""Men"", ""article_type"": ""Shirts"", ""color"": ""Red"", ""season"": ""Summer"", ""usage"": ""Casual""}"
clothing_0022,clothing,s.Oliver Women White T-shirt,s.Oliver,969,"Women Casual Tshirts in White, suitable for Summer season.","[""Women"", ""Casual"", ""Summer"", ""White"", ""Tshirts""]","{""gender"": ""Women"", ""article_type"": ""Tshirts"", ""color"": ""White"", ""season"": ""Summer"", ""usage"": ""Casual""}"
clothing_0023,clothing,Arrow Men White and Blue Striped Shirt,Arrow,2457,"Men Formal Shirts in White, suitable for Winter season.","[""Men"", ""Formal"", ""Winter"", ""White"", ""Shirts""]","{""gender"": ""Men"", ""article_type"": ""Shirts"", ""color"": ""White"", ""season"": ""Winter"", ""usage"": ""Formal""}"
clothing_0024,clothing,Puma Men ducati logo tee Yellow Tshirts,Puma,413,"Men Casual Tshirts in Yellow, suitable for Fall season.","[""Men"", ""Casual"", ""Fall"", ""Yellow"", ""Tshirts""]","{""gender"": ""Men"", ""article_type"": ""Tshirts"", ""color"": ""Yellow"", ""season"": ""Fall"", ""usage"": ""Casual""}"
clothing_0025,clothing,Wrangler Men American Music Folk Green T-Shirts,Wrangler,726,"Men Casual Tshirts in Green, suitable for Fall season.","[""Men"", ""Casual"", ""Fall"", ""Green"", ""Tshirts""]","{""gender"": ""Men"", ""article_type"": ""Tshirts"", ""color"": ""Green"", ""season"": ""Fall"", ""usage"": ""Casual""}"
clothing_0026,clothing,ADIDAS Men Solid White Tshirts,ADIDAS,1929,"Men Sports Tshirts in White, suitable for Fall season.","[""Men"", ""Sports"", ""Fall"", ""White"", ""Tshirts""]","{""gender"": ""Men"", ""article_type"": ""Tshirts"", ""color"": ""White"", ""season"": ""Fall"", ""usage"": ""Sports""}"
clothing_0027,clothing,Doodle Girl's Princess Lime Kidswear,Generic,1265,"Girls Casual Tshirts in Green, suitable for Fall season.","[""Girls"", ""Casual"", ""Fall"", ""Green"", ""Tshirts""]","{""gender"": ""Girls"", ""article_type"": ""Tshirts"", ""color"": ""Green"", ""season"": ""Fall"", ""usage"": ""Casual""}"
clothing_0028,clothing,Nike Men Printed Black T-shirt,Nike,1096,"Men Casual Tshirts in Black, suitable for Summer season.","[""Men"", ""Casual"", ""Summer"", ""Black"", ""Tshirts""]","{""gender"": ""Men"", ""article_type"": ""Tshirts"", ""color"": ""Black"", ""season"": ""Summer"", ""usage"": ""Casual""}"
clothing_0029,clothing,ADIDAS Men Green Jersey,ADIDAS,1069,"Men Sports Tshirts in Green, suitable for Summer season.","[""Men"", ""Sports"", ""Summer"", ""Green"", ""Tshirts""]","{""gender"": ""Men"", ""article_type"": ""Tshirts"", ""color"": ""Green"", ""season"": ""Summer"", ""usage"": ""Sports""}"
clothing_0030,clothing,Classic Polo Men's Cari Maroon Polo T-shirt,Classic Polo,718,"Men Casual Tshirts in Maroon, suitable for Summer season.","[""Men"", ""Casual"", ""Summer"", ""Maroon"", ""Tshirts""]","{""gender"": ""Men"", ""article_type"": ""Tshirts"", ""color"": ""Maroon"", ""season"": ""Summer"", ""usage"": ""Casual""}"
clothing_0031,clothing,Probase Men's 8 Green T-shirt,Probase,840,"Men Casual Tshirts in Green, suitable for Summer season.","[""Men"", ""Casual"", ""Summer"", ""Green"", ""Tshirts""]","{""gender"": ""Men"", ""article_type"": ""Tshirts"", ""color"": ""Green"", ""season"": ""Summer"", ""usage"": ""Casual""}"
clothing_0032,clothing,Nike Women's Tennis Black T-shirt,Nike,1089,"Women Casual Tshirts in Black, suitable for Summer season.","[""Women"", ""Casual"", ""Summer"", ""Black"", ""Tshirts""]","{""gender"": ""Women"", ""article_type"": ""Tshirts"", ""color"": ""Black"", ""season"": ""Summer"", ""usage"": ""Casual""}"
clothing_0033,clothing,Indigo Nation Men Blue Check Shirt,Indigo Nation,609,"Men Casual Shirts in Blue, suitable for Fall season.","[""Men"", ""Casual"", ""Fall"", ""Blue"", ""Shirts""]","{""gender"": ""Men"", ""article_type"": ""Shirts"", ""color"": ""Blue"", ""season"": ""Fall"", ""usage"": ""Casual""}"
clothing_0034,clothing,Inkfruit Men's Serial Black T-shirt,Inkfruit,589,"Men Casual Tshirts in Black, suitable for Summer season.","[""Men"", ""Casual"", ""Summer"", ""Black"", ""Tshirts""]","{""gender"": ""Men"", ""article_type"": ""Tshirts"", ""color"": ""Black"", ""season"": ""Summer"", ""usage"": ""Casual""}"
clothing_0035,clothing,Doodle Boy Grand Prix Navy Blue Shirt,Generic,1178,"Men Casual Shirts in Blue, suitable for Fall season.","[""Men"", ""Casual"", ""Fall"", ""Blue"", ""Shirts""]","{""gender"": ""Men"", ""article_type"": ""Shirts"", ""color"": ""Blue"", ""season"": ""Fall"", ""usage"": ""Casual""}"
clothing_0036,clothing,U.S. Polo Assn. Men Solid Black  Polo Tshirt,U.S. Polo Assn.,598,"Men Casual Tshirts in Black, suitable for Fall season.","[""Men"", ""Casual"", ""Fall"", ""Black"", ""Tshirts""]","{""gender"": ""Men"", ""article_type"": ""Tshirts"", ""color"": ""Black"", ""season"": ""Fall"", ""usage"": ""Casual""}"
clothing_0037,clothing,Myntra Men Red Say It Loud T-shirt,Myntra,1135,"Men Casual Tshirts in Red, suitable for Summer season.","[""Men"", ""Casual"", ""Summer"", ""Red"", ""Tshirts""]","{""gender"": ""Men"", ""article_type"": ""Tshirts"", ""color"": ""Red"", ""season"": ""Summer"", ""usage"": ""Casual""}"
clothing_0038,clothing,Reebok Men Club Stripe Black Polo T-shirt,Reebok,1104,"Men Casual Tshirts in Black, suitable for Fall season.","[""Men"", ""Casual"", ""Fall"", ""Black"", ""Tshirts""]","{""gender"": ""Men"", ""article_type"": ""Tshirts"", ""color"": ""Black"", ""season"": ""Fall"", ""usage"": ""Casual""}"
clothing_0039,clothing,ADIDAS Women Polo Black Polo T-shirt,ADIDAS,1736,"Women Sports Tshirts in Black, suitable for Fall season.","[""Women"", ""Sports"", ""Fall"", ""Black"", ""Tshirts""]","{""gender"": ""Women"", ""article_type"": ""Tshirts"", ""color"": ""Black"", ""season"": ""Fall"", ""usage"": ""Sports""}"
clothing_0040,clothing,French Connection Men White Printed T-shirt,French Connection,941,"Men Casual Tshirts in White, suitable for Summer season.","[""Men"", ""Casual"", ""Summer"", ""White"", ""Tshirts""]","{""gender"": ""Men"", ""article_type"": ""Tshirts"", ""color"": ""White"", ""season"": ""Summer"", ""usage"": ""Casual""}"
clothing_0041,clothing,ADIDAS Men Blue T-shirt,ADIDAS,488,"Men Casual Tshirts in Blue, suitable for Summer season.","[""Men"", ""Casual"", ""Summer"", ""Blue"", ""Tshirts""]","{""gender"": ""Men"", ""article_type"": ""Tshirts"", ""color"": ""Blue"", ""season"": ""Summer"", ""usage"": ""Casual""}"
clothing_0042,clothing,Basics Men Orange Printed Polo T-shirt,Basics,1340,"Men Casual Tshirts in Orange, suitable for Summer season.","[""Men"", ""Casual"", ""Summer"", ""Orange"", ""Tshirts""]","{""gender"": ""Men"", ""article_type"": ""Tshirts"", ""color"": ""Orange"", ""season"": ""Summer"", ""usage"": ""Casual""}"
clothing_0043,clothing,United Colors of Benetton Men Printed White Tshirts,United Colors of Benetton,1498,"Men Casual Tshirts in White, suitable for Summer season.","[""Men"", ""Casual"", ""Summer"", ""White"", ""Tshirts""]","{""gender"": ""Men"", ""article_type"": ""Tshirts"", ""color"": ""White"", ""season"": ""Summer"", ""usage"": ""Casual""}"
clothing_0044,clothing,Basics Men White Slim Fit Striped Shirt,Basics,655,"Men Casual Shirts in White, suitable for Fall season.","[""Men"", ""Casual"", ""Fall"", ""White"", ""Shirts""]","{""gender"": ""Men"", ""article_type"": ""Shirts"", ""color"": ""White"", ""season"": ""Fall"", ""usage"": ""Casual""}"
clothing_0045,clothing,Flying Machine Men Ydc Blue Shirts,Flying Machine,1175,"Men Casual Shirts in Blue, suitable for Fall season.","[""Men"", ""Casual"", ""Fall"", ""Blue"", ""Shirts""]","{""gender"": ""Men"", ""article_type"": ""Shirts"", ""color"": ""Blue"", ""season"": ""Fall"", ""usage"": ""Casual""}"
clothing_0046,clothing,Rolling Stone Men's North American Brown Melange T-shirt,Rolling Stone,561,"Men Casual Tshirts in Brown, suitable for Fall season.","[""Men"", ""Casual"", ""Fall"", ""Brown"", ""Tshirts""]","{""gender"": ""Men"", ""article_type"": ""Tshirts"", ""color"": ""Brown"", ""season"": ""Fall"", ""usage"": ""Casual""}"
clothing_0047,clothing,ADIDAS Men Graphic Black T-shirt,ADIDAS,1000,"Men Casual Tshirts in Black, suitable for Summer season.","[""Men"", ""Casual"", ""Summer"", ""Black"", ""Tshirts""]","{""gender"": ""Men"", ""article_type"": ""Tshirts"", ""color"": ""Black"", ""season"": ""Summer"", ""usage"": ""Casual""}"
clothing_0048,clothing,Locomotive Men Red Blue Checked Shirt,Locomotive,1140,"Men Casual Shirts in Red, suitable for Summer season.","[""Men"", ""Casual"", ""Summer"", ""Red"", ""Shirts""]","{""gender"": ""Men"", ""article_type"": ""Shirts"", ""color"": ""Red"", ""season"": ""Summer"", ""usage"": ""Casual""}"
clothing_0049,clothing,Tantra Men's Decade Ago Blue T-shirt,Tantra,793,"Men Casual Tshirts in Blue, suitable for Summer season.","[""Men"", ""Casual"", ""Summer"", ""Blue"", ""Tshirts""]","{""gender"": ""Men"", ""article_type"": ""Tshirts"", ""color"": ""Blue"", ""season"": ""Summer"", ""usage"": ""Casual""}"
clothing_0050,clothing,Madagascar3 Boys White Printed T-Shirt,Madagascar3,542,"Boys Casual Tshirts in White, suitable for Summer season.","[""Boys"", ""Casual"", ""Summer"", ""White"", ""Tshirts""]","{""gender"": ""Boys"", ""article_type"": ""Tshirts"", ""color"": ""White"", ""season"": ""Summer"", ""usage"": ""Casual""}"
clothing_0051,clothing,Doodle Girl's Raw Edges Light Blue Teen Kidswear,Generic,493,"Girls Casual Tshirts in Blue, suitable for Fall season.","[""Girls"", ""Casual"", ""Fall"", ""Blue"", ""Tshirts""]","{""gender"": ""Girls"", ""article_type"": ""Tshirts"", ""color"": ""Blue"", ""season"": ""Fall"", ""usage"": ""Casual""}"
clothing_0052,clothing,Sher Singh Women's Red Polo T-shirt,Sher Singh,1854,"Women Sports Tshirts in Red, suitable for Summer season.","[""Women"", ""Sports"", ""Summer"", ""Red"", ""Tshirts""]","{""gender"": ""Women"", ""article_type"": ""Tshirts"", ""color"": ""Red"", ""season"": ""Summer"", ""usage"": ""Sports""}"
clothing_0053,clothing,Myntra Men Blue Check Shirt,Myntra,866,"Men Casual Shirts in White, suitable for Summer season.","[""Men"", ""Casual"", ""Summer"", ""White"", ""Shirts""]","{""gender"": ""Men"", ""article_type"": ""Shirts"", ""color"": ""White"", ""season"": ""Summer"", ""usage"": ""Casual""}"
clothing_0054,clothing,United Colors of Benetton Men Striped White Shirt,United Colors of Benetton,992,"Men Casual Shirts in White, suitable for Fall season.","[""Men"", ""Casual"", ""Fall"", ""White"", ""Shirts""]","{""gender"": ""Men"", ""article_type"": ""Shirts"", ""color"": ""White"", ""season"": ""Fall"", ""usage"": ""Casual""}"
clothing_0055,clothing,Reid & Taylor Men Check Red Shirt,Reid & Taylor,563,"Men Casual Shirts in Red, suitable for Fall season.","[""Men"", ""Casual"", ""Fall"", ""Red"", ""Shirts""]","{""gender"": ""Men"", ""article_type"": ""Shirts"", ""color"": ""Red"", ""season"": ""Fall"", ""usage"": ""Casual""}"
clothing_0056,clothing,Wrangler Women Stella Green Shirt,Wrangler,876,"Women Casual Shirts in Green, suitable for Summer season.","[""Women"", ""Casual"", ""Summer"", ""Green"", ""Shirts""]","{""gender"": ""Women"", ""article_type"": ""Shirts"", ""color"": ""Green"", ""season"": ""Summer"", ""usage"": ""Casual""}"
clothing_0057,clothing,Proline Men Purple T-shirt,Proline,606,"Men Casual Tshirts in Purple, suitable for Summer season.","[""Men"", ""Casual"", ""Summer"", ""Purple"", ""Tshirts""]","{""gender"": ""Men"", ""article_type"": ""Tshirts"", ""color"": ""Purple"", ""season"": ""Summer"", ""usage"": ""Casual""}"
clothing_0058,clothing,Music Men Printed Blue T-shirt,Music,1178,"Men Casual Tshirts in Blue, suitable for Spring season.","[""Men"", ""Casual"", ""Spring"", ""Blue"", ""Tshirts""]","{""gender"": ""Men"", ""article_type"": ""Tshirts"", ""color"": ""Blue"", ""season"": ""Spring"", ""usage"": ""Casual""}"
clothing_0059,clothing,Gini and Jony Boy's King White Red Blue Infant Kidswear,Generic,969,"Men Casual Tshirts in White, suitable for Summer season.","[""Men"", ""Casual"", ""Summer"", ""White"", ""Tshirts""]","{""gender"": ""Men"", ""article_type"": ""Tshirts"", ""color"": ""White"", ""season"": ""Summer"", ""usage"": ""Casual""}"
clothing_0060,clothing,French Connection Men White & Black Shirt,French Connection,1328,"Men Casual Shirts in Black, suitable for Summer season.","[""Men"", ""Casual"", ""Summer"", ""Black"", ""Shirts""]","{""gender"": ""Men"", ""article_type"": ""Shirts"", ""color"": ""Black"", ""season"": ""Summer"", ""usage"": ""Casual""}"
clothing_0061,clothing,Puma Men Pink T-shirt,Puma,1147,"Men Casual Tshirts in Pink, suitable for Fall season.","[""Men"", ""Casual"", ""Fall"", ""Pink"", ""Tshirts""]","{""gender"": ""Men"", ""article_type"": ""Tshirts"", ""color"": ""Pink"", ""season"": ""Fall"", ""usage"": ""Casual""}"
clothing_0062,clothing,Scullers Men White & Navy Blue Check Shirt,Scullers,733,"Men Casual Shirts in White, suitable for Summer season.","[""Men"", ""Casual"", ""Summer"", ""White"", ""Shirts""]","{""gender"": ""Men"", ""article_type"": ""Shirts"", ""color"": ""White"", ""season"": ""Summer"", ""usage"": ""Casual""}"
clothing_0063,clothing,Indigo Nation Men Checks Blue Shirt,Indigo Nation,1158,"Men Casual Shirts in Green, suitable for Fall season.","[""Men"", ""Casual"", ""Fall"", ""Green"", ""Shirts""]","{""gender"": ""Men"", ""article_type"": ""Shirts"", ""color"": ""Green"", ""season"": ""Fall"", ""usage"": ""Casual""}"
clothing_0064,clothing,Wrangler Men Miriam Checks Blue Shirt,Wrangler,1127,"Men Casual Shirts in Blue, suitable for Summer season.","[""Men"", ""Casual"", ""Summer"", ""Blue"", ""Shirts""]","{""gender"": ""Men"", ""article_type"": ""Shirts"", ""color"": ""Blue"", ""season"": ""Summer"", ""usage"": ""Casual""}"
clothing_0065,clothing,Myntra Men Strangest Purple T-shirt,Myntra,829,"Men Casual Tshirts in Purple, suitable for Summer season.","[""Men"", ""Casual"", ""Summer"", ""Purple"", ""Tshirts""]","{""gender"": ""Men"", ""article_type"": ""Tshirts"", ""color"": ""Purple"", ""season"": ""Summer"", ""usage"": ""Casual""}"
clothing_0066,clothing,U.S. Polo Assn. Men Check Navy Blue Shirt,U.S. Polo Assn.,946,"Men Casual Shirts in Navy Blue, suitable for Fall season.","[""Men"", ""Casual"", ""Fall"", ""Navy Blue"", ""Shirts""]","{""gender"": ""Men"", ""article_type"": ""Shirts"", ""color"": ""Navy Blue"", ""season"": ""Fall"", ""usage"": ""Casual""}"
clothing_0067,clothing,U.S. Polo Assn. Men Checks Maroon Shirt,U.S. Polo Assn.,546,"Men Casual Shirts in Maroon, suitable for Winter season.","[""Men"", ""Casual"", ""Winter"", ""Maroon"", ""Shirts""]","{""gender"": ""Men"", ""article_type"": ""Shirts"", ""color"": ""Maroon"", ""season"": ""Winter"", ""usage"": ""Casual""}"
clothing_0068,clothing,Angry Birds Men Printed Grey T-shirt,Angry Birds,750,"Men Casual Tshirts in Grey, suitable for Summer season.","[""Men"", ""Casual"", ""Summer"", ""Grey"", ""Tshirts""]","{""gender"": ""Men"", ""article_type"": ""Tshirts"", ""color"": ""Grey"", ""season"": ""Summer"", ""usage"": ""Casual""}"
clothing_0069,clothing,Gini and Jony Boys Check Navy Blue Shirt,Gini and Jony,1493,"Boys Casual Shirts in Navy Blue, suitable for Summer season.","[""Boys"", ""Casual"", ""Summer"", ""Navy Blue"", ""Shirts""]","{""gender"": ""Boys"", ""article_type"": ""Shirts"", ""color"": ""Navy Blue"", ""season"": ""Summer"", ""usage"": ""Casual""}"
clothing_0070,clothing,Gini and Jony Boys Blue T-shirt,Gini and Jony,901,"Boys Casual Tshirts in Blue, suitable for Summer season.","[""Boys"", ""Casual"", ""Summer"", ""Blue"", ""Tshirts""]","{""gender"": ""Boys"", ""article_type"": ""Tshirts"", ""color"": ""Blue"", ""season"": ""Summer"", ""usage"": ""Casual""}"
clothing_0071,clothing,Lee Men Check Blue Shirts,Lee,734,"Men Casual Shirts in Blue, suitable for Fall season.","[""Men"", ""Casual"", ""Fall"", ""Blue"", ""Shirts""]","{""gender"": ""Men"", ""article_type"": ""Shirts"", ""color"": ""Blue"", ""season"": ""Fall"", ""usage"": ""Casual""}"
clothing_0072,clothing,Angry Birds Men Purple T-shirt,Angry Birds,1346,"Men Casual Tshirts in Purple, suitable for Summer season.","[""Men"", ""Casual"", ""Summer"", ""Purple"", ""Tshirts""]","{""gender"": ""Men"", ""article_type"": ""Tshirts"", ""color"": ""Purple"", ""season"": ""Summer"", ""usage"": ""Casual""}"
clothing_0073,clothing,Nike Men U Logo Red T-shirt,Nike,1177,"Men Casual Tshirts in Red, suitable for Summer season.","[""Men"", ""Casual"", ""Summer"", ""Red"", ""Tshirts""]","{""gender"": ""Men"", ""article_type"": ""Tshirts"", ""color"": ""Red"", ""season"": ""Summer"", ""usage"": ""Casual""}"
clothing_0074,clothing,Proline Men Mustard Yellow Polo T-Shirt,Proline,952,"Men Casual Tshirts in Mustard, suitable for Summer season.","[""Men"", ""Casual"", ""Summer"", ""Mustard"", ""Tshirts""]","{""gender"": ""Men"", ""article_type"": ""Tshirts"", ""color"": ""Mustard"", ""season"": ""Summer"", ""usage"": ""Casual""}"
clothing_0075,clothing,United Colors of Benetton Women Black T-shirt,United Colors of Benetton,849,"Women Casual Tshirts in Black, suitable for Summer season.","[""Women"", ""Casual"", ""Summer"", ""Black"", ""Tshirts""]","{""gender"": ""Women"", ""article_type"": ""Tshirts"", ""color"": ""Black"", ""season"": ""Summer"", ""usage"": ""Casual""}"
clothing_0076,clothing,Locomotive Men Printed Navy Blue T-shirt,Locomotive,1064,"Men Casual Tshirts in Navy Blue, suitable for Summer season.","[""Men"", ""Casual"", ""Summer"", ""Navy Blue"", ""Tshirts""]","{""gender"": ""Men"", ""article_type"": ""Tshirts"", ""color"": ""Navy Blue"", ""season"": ""Summer"", ""usage"": ""Casual""}"
clothing_0077,clothing,Mark Taylor Men Printed Brown T-shirt,Mark Taylor,514,"Men Casual Tshirts in Brown, suitable for Summer season.","[""Men"", ""Casual"", ""Summer"", ""Brown"", ""Tshirts""]","{""gender"": ""Men"", ""article_type"": ""Tshirts"", ""color"": ""Brown"", ""season"": ""Summer"", ""usage"": ""Casual""}"
clothing_0078,clothing,Ed Hardy Men's Beautiful But Dangerous Black T-shirt,Ed Hardy,869,"Men Casual Tshirts in Black, suitable for Summer season.","[""Men"", ""Casual"", ""Summer"", ""Black"", ""Tshirts""]","{""gender"": ""Men"", ""article_type"": ""Tshirts"", ""color"": ""Black"", ""season"": ""Summer"", ""usage"": ""Casual""}"
clothing_0079,clothing,s.Oliver Women Printed White T-shirt,s.Oliver,465,"Women Casual Tshirts in White, suitable for Fall season.","[""Women"", ""Casual"", ""Fall"", ""White"", ""Tshirts""]","{""gender"": ""Women"", ""article_type"": ""Tshirts"", ""color"": ""White"", ""season"": ""Fall"", ""usage"": ""Casual""}"
clothing_0080,clothing,Myntra Men Purple T-shirt,Myntra,1046,"Men Casual Tshirts in Purple, suitable for Summer season.","[""Men"", ""Casual"", ""Summer"", ""Purple"", ""Tshirts""]","{""gender"": ""Men"", ""article_type"": ""Tshirts"", ""color"": ""Purple"", ""season"": ""Summer"", ""usage"": ""Casual""}"
clothing_0081,clothing,Gini Jony Boys Polo Black T-Shirt,Gini Jony,1221,"Boys Casual Tshirts in Black, suitable for Summer season.","[""Boys"", ""Casual"", ""Summer"", ""Black"", ""Tshirts""]","{""gender"": ""Boys"", ""article_type"": ""Tshirts"", ""color"": ""Black"", ""season"": ""Summer"", ""usage"": ""Casual""}"
clothing_0082,clothing,Gini and Jony Boy's Karl Blue White Kidswear,Generic,948,"Men Casual Tshirts in Blue, suitable for Summer season.","[""Men"", ""Casual"", ""Summer"", ""Blue"", ""Tshirts""]","{""gender"": ""Men"", ""article_type"": ""Tshirts"", ""color"": ""Blue"", ""season"": ""Summer"", ""usage"": ""Casual""}"
clothing_0083,clothing,Basics Men Green & Black Polo T-shirt,Basics,535,"Men Casual Tshirts in Green, suitable for Spring season.","[""Men"", ""Casual"", ""Spring"", ""Green"", ""Tshirts""]","{""gender"": ""Men"", ""article_type"": ""Tshirts"", ""color"": ""Green"", ""season"": ""Spring"", ""usage"": ""Casual""}"
clothing_0084,clothing,ADIDAS Men Green T-shirt,ADIDAS,832,"Men Casual Tshirts in Green, suitable for Summer season.","[""Men"", ""Casual"", ""Summer"", ""Green"", ""Tshirts""]","{""gender"": ""Men"", ""article_type"": ""Tshirts"", ""color"": ""Green"", ""season"": ""Summer"", ""usage"": ""Casual""}"
clothing_0085,clothing,Scullers Women Check Black Shirt,Scullers,1044,"Women Casual Shirts in Black, suitable for Fall season.","[""Women"", ""Casual"", ""Fall"", ""Black"", ""Shirts""]","{""gender"": ""Women"", ""article_type"": ""Shirts"", ""color"": ""Black"", ""season"": ""Fall"", ""usage"": ""Casual""}"
clothing_0086,clothing,Belmonte Men Stripes Grey Shirts,Belmonte,1235,"Men Formal Shirts in Grey, suitable for Fall season.","[""Men"", ""Formal"", ""Fall"", ""Grey"", ""Shirts""]","{""gender"": ""Men"", ""article_type"": ""Shirts"", ""color"": ""Grey"", ""season"": ""Fall"", ""usage"": ""Formal""}"
clothing_0087,clothing,s.Oliver Women Meganta Printed T-Shirt,s.Oliver,1422,"Women Casual Tshirts in Magenta, suitable for Summer season.","[""Women"", ""Casual"", ""Summer"", ""Magenta"", ""Tshirts""]","{""gender"": ""Women"", ""article_type"": ""Tshirts"", ""color"": ""Magenta"", ""season"": ""Summer"", ""usage"": ""Casual""}"
clothing_0088,clothing,Flying Machine Women RN HS Yellow Tshirts,Flying Machine,1210,"Women Casual Tshirts in Yellow, suitable for Fall season.","[""Women"", ""Casual"", ""Fall"", ""Yellow"", ""Tshirts""]","{""gender"": ""Women"", ""article_type"": ""Tshirts"", ""color"": ""Yellow"", ""season"": ""Fall"", ""usage"": ""Casual""}"
clothing_0089,clothing,Scullers Men Green & White Striped T-shirt,Scullers,1339,"Men Casual Tshirts in Green, suitable for Summer season.","[""Men"", ""Casual"", ""Summer"", ""Green"", ""Tshirts""]","{""gender"": ""Men"", ""article_type"": ""Tshirts"", ""color"": ""Green"", ""season"": ""Summer"", ""usage"": ""Casual""}"
clothing_0090,clothing,Wrangler Women's Ditsy Floral Vanilla White T-shirt,Wrangler,692,"Women Casual Tshirts in Blue, suitable for Summer season.","[""Women"", ""Casual"", ""Summer"", ""Blue"", ""Tshirts""]","{""gender"": ""Women"", ""article_type"": ""Tshirts"", ""color"": ""Blue"", ""season"": ""Summer"", ""usage"": ""Casual""}"
clothing_0091,clothing,John Miller Men Blue Checks Shirts,John Miller,1342,"Men Formal Shirts in Blue, suitable for Fall season.","[""Men"", ""Formal"", ""Fall"", ""Blue"", ""Shirts""]","{""gender"": ""Men"", ""article_type"": ""Shirts"", ""color"": ""Blue"", ""season"": ""Fall"", ""usage"": ""Formal""}"
clothing_0092,clothing,Nike Men White Jdi City T-Shirt,Nike,685,"Men Casual Tshirts in White, suitable for Summer season.","[""Men"", ""Casual"", ""Summer"", ""White"", ""Tshirts""]","{""gender"": ""Men"", ""article_type"": ""Tshirts"", ""color"": ""White"", ""season"": ""Summer"", ""usage"": ""Casual""}"
clothing_0093,clothing,Inkfruit Mens My Pet T-shirt,Inkfruit,905,"Men Casual Tshirts in Maroon, suitable for Summer season.","[""Men"", ""Casual"", ""Summer"", ""Maroon"", ""Tshirts""]","{""gender"": ""Men"", ""article_type"": ""Tshirts"", ""color"": ""Maroon"", ""season"": ""Summer"", ""usage"": ""Casual""}"
clothing_0094,clothing,Turtle Men Check Purple Shirt,Turtle,2325,"Men Formal Shirts in Purple, suitable for Summer season.","[""Men"", ""Formal"", ""Summer"", ""Purple"", ""Shirts""]","{""gender"": ""Men"", ""article_type"": ""Shirts"", ""color"": ""Purple"", ""season"": ""Summer"", ""usage"": ""Formal""}"
clothing_0095,clothing,ADIDAS Men's Bubble Green T-shirt,ADIDAS,938,"Men Casual Tshirts in Green, suitable for Summer season.","[""Men"", ""Casual"", ""Summer"", ""Green"", ""Tshirts""]","{""gender"": ""Men"", ""article_type"": ""Tshirts"", ""color"": ""Green"", ""season"": ""Summer"", ""usage"": ""Casual""}"
clothing_0096,clothing,ADIDAS Women's Blosson White Pink T-shirt,ADIDAS,1697,"Women Sports Tshirts in White, suitable for Summer season.","[""Women"", ""Sports"", ""Summer"", ""White"", ""Tshirts""]","{""gender"": ""Women"", ""article_type"": ""Tshirts"", ""color"": ""White"", ""season"": ""Summer"", ""usage"": ""Sports""}"
clothing_0097,clothing,United Colors of Benetton Men Check Pink Shirts,United Colors of Benetton,1277,"Men Casual Shirts in Pink, suitable for Summer season.","[""Men"", ""Casual"", ""Summer"", ""Pink"", ""Shirts""]","{""gender"": ""Men"", ""article_type"": ""Shirts"", ""color"": ""Pink"", ""season"": ""Summer"", ""usage"": ""Casual""}"
clothing_0098,clothing,John Miller Men Solid Pink Shirt,John Miller,1995,"Men Formal Shirts in Pink, suitable for Fall season.","[""Men"", ""Formal"", ""Fall"", ""Pink"", ""Shirts""]","{""gender"": ""Men"", ""article_type"": ""Shirts"", ""color"": ""Pink"", ""season"": ""Fall"", ""usage"": ""Formal""}"
clothing_0099,clothing,Scullers Men Check Blue Shirts,Scullers,1217,"Men Casual Shirts in Blue, suitable for Fall season.","[""Men"", ""Casual"", ""Fall"", ""Blue"", ""Shirts""]","{""gender"": ""Men"", ""article_type"": ""Shirts"", ""color"": ""Blue"", ""season"": ""Fall"", ""usage"": ""Casual""}"
clothing_0100,clothing,Allen Solly Woman Grey Shirt,Generic,1141,"Women Casual Shirts in Grey, suitable for Summer season.","[""Women"", ""Casual"", ""Summer"", ""Grey"", ""Shirts""]","{""gender"": ""Women"", ""article_type"": ""Shirts"", ""color"": ""Grey"", ""season"": ""Summer"", ""usage"": ""Casual""}"
clothing_0101,clothing,Proline Men's Polo Solid Olive T-shirt,Proline,849,"Men Casual Tshirts in Green, suitable for Fall season.","[""Men"", ""Casual"", ""Fall"", ""Green"", ""Tshirts""]","{""gender"": ""Men"", ""article_type"": ""Tshirts"", ""color"": ""Green"", ""season"": ""Fall"", ""usage"": ""Casual""}"
clothing_0102,clothing,Arrow Sport Men Blue Striped Shirt,Arrow Sport,683,"Men Casual Shirts in Blue, suitable for Winter season.","[""Men"", ""Casual"", ""Winter"", ""Blue"", ""Shirts""]","{""gender"": ""Men"", ""article_type"": ""Shirts"", ""color"": ""Blue"", ""season"": ""Winter"", ""usage"": ""Casual""}"
clothing_0103,clothing,Gini and Jony Boys Core Red T-shirt,Gini and Jony,1443,"Boys Casual Tshirts in Red, suitable for Summer season.","[""Boys"", ""Casual"", ""Summer"", ""Red"", ""Tshirts""]","{""gender"": ""Boys"", ""article_type"": ""Tshirts"", ""color"": ""Red"", ""season"": ""Summer"", ""usage"": ""Casual""}"
clothing_0104,clothing,Myntra Men Yellow & Blue T-shirt,Myntra,1410,"Men Casual Tshirts in Yellow, suitable for Summer season.","[""Men"", ""Casual"", ""Summer"", ""Yellow"", ""Tshirts""]","{""gender"": ""Men"", ""article_type"": ""Tshirts"", ""color"": ""Yellow"", ""season"": ""Summer"", ""usage"": ""Casual""}"
clothing_0105,clothing,Wrangler Men Grey Polo Tshirts,Wrangler,586,"Men Casual Tshirts in Grey, suitable for Fall season.","[""Men"", ""Casual"", ""Fall"", ""Grey"", ""Tshirts""]","{""gender"": ""Men"", ""article_type"": ""Tshirts"", ""color"": ""Grey"", ""season"": ""Fall"", ""usage"": ""Casual""}"
clothing_0106,clothing,Flying Machine Men Ydc Blue Shirts,Flying Machine,496,"Men Casual Shirts in Blue, suitable for Fall season.","[""Men"", ""Casual"", ""Fall"", ""Blue"", ""Shirts""]","{""gender"": ""Men"", ""article_type"": ""Shirts"", ""color"": ""Blue"", ""season"": ""Fall"", ""usage"": ""Casual""}"
clothing_0107,clothing,Nike Women's Nike Spher Purple T-shirt,Nike,724,"Women Sports Tshirts in Purple, suitable for Summer season.","[""Women"", ""Sports"", ""Summer"", ""Purple"", ""Tshirts""]","{""gender"": ""Women"", ""article_type"": ""Tshirts"", ""color"": ""Purple"", ""season"": ""Summer"", ""usage"": ""Sports""}"
clothing_0108,clothing,Lee Men's Saddle Indigo Quarts T-shirt,Lee,713,"Men Casual Tshirts in Blue, suitable for Summer season.","[""Men"", ""Casual"", ""Summer"", ""Blue"", ""Tshirts""]","{""gender"": ""Men"", ""article_type"": ""Tshirts"", ""color"": ""Blue"", ""season"": ""Summer"", ""usage"": ""Casual""}"
clothing_0109,clothing,Classic Polo Mens  T-shirt,Classic Polo,727,"Men Casual Tshirts in Grey, suitable for Summer season.","[""Men"", ""Casual"", ""Summer"", ""Grey"", ""Tshirts""]","{""gender"": ""Men"", ""article_type"": ""Tshirts"", ""color"": ""Grey"", ""season"": ""Summer"", ""usage"": ""Casual""}"
clothing_0110,clothing,Scullers Men Red Shirt,Scullers,1264,"Men Casual Shirts in Red, suitable for Fall season.","[""Men"", ""Casual"", ""Fall"", ""Red"", ""Shirts""]","{""gender"": ""Men"", ""article_type"": ""Shirts"", ""color"": ""Red"", ""season"": ""Fall"", ""usage"": ""Casual""}"
clothing_0111,clothing,Jealous 21 Women White Shirt,Jealous 21,530,"Women Casual Shirts in White, suitable for Summer season.","[""Women"", ""Casual"", ""Summer"", ""White"", ""Shirts""]","{""gender"": ""Women"", ""article_type"": ""Shirts"", ""color"": ""White"", ""season"": ""Summer"", ""usage"": ""Casual""}"
clothing_0112,clothing,Jealous 21 Women Yellow Cat T-shirt,Jealous 21,1188,"Women Casual Tshirts in Yellow, suitable for Summer season.","[""Women"", ""Casual"", ""Summer"", ""Yellow"", ""Tshirts""]","{""gender"": ""Women"", ""article_type"": ""Tshirts"", ""color"": ""Yellow"", ""season"": ""Summer"", ""usage"": ""Casual""}"
clothing_0113,clothing,Nike Men Red Polo Tshirts,Nike,1281,"Men Sports Tshirts in Red, suitable for Fall season.","[""Men"", ""Sports"", ""Fall"", ""Red"", ""Tshirts""]","{""gender"": ""Men"", ""article_type"": ""Tshirts"", ""color"": ""Red"", ""season"": ""Fall"", ""usage"": ""Sports""}"
clothing_0114,clothing,Peter England Men Stripes Peach Shirt,Peter England,2020,"Men Formal Shirts in Peach, suitable for Fall season.","[""Men"", ""Formal"", ""Fall"", ""Peach"", ""Shirts""]","{""gender"": ""Men"", ""article_type"": ""Shirts"", ""color"": ""Peach"", ""season"": ""Fall"", ""usage"": ""Formal""}"
clothing_0115,clothing,United Colors of Benetton Men Grey Melange T-shirt,United Colors of Benetton,1358,"Men Casual Tshirts in Grey Melange, suitable for Summer season.","[""Men"", ""Casual"", ""Summer"", ""Grey Melange"", ""Tshirts""]","{""gender"": ""Men"", ""article_type"": ""Tshirts"", ""color"": ""Grey Melange"", ""season"": ""Summer"", ""usage"": ""Casual""}"
clothing_0116,clothing,Mark Taylor Men Pink & Black Striped Shirt,Mark Taylor,1883,"Men Formal Shirts in Black, suitable for Fall season.","[""Men"", ""Formal"", ""Fall"", ""Black"", ""Shirts""]","{""gender"": ""Men"", ""article_type"": ""Shirts"", ""color"": ""Black"", ""season"": ""Fall"", ""usage"": ""Formal""}"
clothing_0117,clothing,Highlander Men Small Black Checked Shirt,Highlander,914,"Men Casual Shirts in Black, suitable for Summer season.","[""Men"", ""Casual"", ""Summer"", ""Black"", ""Shirts""]","{""gender"": ""Men"", ""article_type"": ""Shirts"", ""color"": ""Black"", ""season"": ""Summer"", ""usage"": ""Casual""}"
clothing_0118,clothing,Facit Men Smart Purple Tshirt,Facit,423,"Men Casual Tshirts in Purple, suitable for Summer season.","[""Men"", ""Casual"", ""Summer"", ""Purple"", ""Tshirts""]","{""gender"": ""Men"", ""article_type"": ""Tshirts"", ""color"": ""Purple"", ""season"": ""Summer"", ""usage"": ""Casual""}"
clothing_0119,clothing,ADIDAS Originals Men Red Tshirt,ADIDAS Originals,634,"Men Casual Tshirts in Red, suitable for Summer season.","[""Men"", ""Casual"", ""Summer"", ""Red"", ""Tshirts""]","{""gender"": ""Men"", ""article_type"": ""Tshirts"", ""color"": ""Red"", ""season"": ""Summer"", ""usage"": ""Casual""}"
footwear_0000,footwear,Puma Men Fox Mid Brown Sports Shoe,Puma,3792,"Men Sports Sports Shoes in Brown, suitable for Fall season.","[""Men"", ""Sports"", ""Fall"", ""Brown"", ""Sports Shoes""]","{""gender"": ""Men"", ""article_type"": ""Sports Shoes"", ""color"": ""Brown"", ""season"": ""Fall"", ""usage"": ""Sports""}"
footwear_0001,footwear,Numero Uno Men's Casual Red Flip Flop,Numero Uno,2899,"Men Casual Flip Flops in Red, suitable for Summer season.","[""Men"", ""Casual"", ""Summer"", ""Red"", ""Flip Flops""]","{""gender"": ""Men"", ""article_type"": ""Flip Flops"", ""color"": ""Red"", ""season"": ""Summer"", ""usage"": ""Casual""}"
footwear_0002,footwear,Converse Men Ct As Check Box Slipper Red Slippers,Converse,1792,"Men Casual Flip Flops in Red, suitable for Spring season.","[""Men"", ""Casual"", ""Spring"", ""Red"", ""Flip Flops""]","{""gender"": ""Men"", ""article_type"": ""Flip Flops"", ""color"": ""Red"", ""season"": ""Spring"", ""usage"": ""Casual""}"
footwear_0003,footwear,Puma Unisex Arizona Navy Blue Flip Flop,Puma,2093,"Unisex Casual Flip Flops in Navy Blue, suitable for Spring season.","[""Unisex"", ""Casual"", ""Spring"", ""Navy Blue"", ""Flip Flops""]","{""gender"": ""Unisex"", ""article_type"": ""Flip Flops"", ""color"": ""Navy Blue"", ""season"": ""Spring"", ""usage"": ""Casual""}"
footwear_0004,footwear,iPanema Women Gold Flip Flops,iPanema,1156,"Women Casual Flip Flops in Gold, suitable for Winter season.","[""Women"", ""Casual"", ""Winter"", ""Gold"", ""Flip Flops""]","{""gender"": ""Women"", ""article_type"": ""Flip Flops"", ""color"": ""Gold"", ""season"": ""Winter"", ""usage"": ""Casual""}"
footwear_0005,footwear,Catwalk Women Casual Multi Flats,Catwalk,1902,"Women Casual Heels in Multi, suitable for Winter season.","[""Women"", ""Casual"", ""Winter"", ""Multi"", ""Heels""]","{""gender"": ""Women"", ""article_type"": ""Heels"", ""color"": ""Multi"", ""season"": ""Winter"", ""usage"": ""Casual""}"
footwear_0006,footwear,Rocia Women Brown Flats,Rocia,2480,"Women Casual Heels in Brown, suitable for Winter season.","[""Women"", ""Casual"", ""Winter"", ""Brown"", ""Heels""]","{""gender"": ""Women"", ""article_type"": ""Heels"", ""color"": ""Brown"", ""season"": ""Winter"", ""usage"": ""Casual""}"
footwear_0007,footwear,Rockport Men Drsp Wingtip Black Formal Shoes,Rockport,1847,"Men Formal Formal Shoes in Black, suitable for Fall season.","[""Men"", ""Formal"", ""Fall"", ""Black"", ""Formal Shoes""]","{""gender"": ""Men"", ""article_type"": ""Formal Shoes"", ""color"": ""Black"", ""season"": ""Fall"", ""usage"": ""Formal""}"
footwear_0008,footwear,ADIDAS Men Adi Fiero M White Sports Shoes,ADIDAS,2858,"Men Sports Sports Shoes in White, suitable for Fall season.","[""Men"", ""Sports"", ""Fall"", ""White"", ""Sports Shoes""]","{""gender"": ""Men"", ""article_type"": ""Sports Shoes"", ""color"": ""White"", ""season"": ""Fall"", ""usage"": ""Sports""}"
footwear_0009,footwear,ADIDAS Unisex High Can Red Black Shoe,ADIDAS,713,"Unisex Casual Casual Shoes in Red, suitable for Summer season.","[""Unisex"", ""Casual"", ""Summer"", ""Red"", ""Casual Shoes""]","{""gender"": ""Unisex"", ""article_type"": ""Casual Shoes"", ""color"": ""Red"", ""season"": ""Summer"", ""usage"": ""Casual""}"
footwear_0010,footwear,Lotto Men's Court-White-Blue Shoe,Lotto,4906,"Men Sports Sports Shoes in White, suitable for Fall season.","[""Men"", ""Sports"", ""Fall"", ""White"", ""Sports Shoes""]","{""gender"": ""Men"", ""article_type"": ""Sports Shoes"", ""color"": ""White"", ""season"": ""Fall"", ""usage"": ""Sports""}"
footwear_0011,footwear,Red Tape Men Strappy Black Floater,Red Tape,1778,"Men Casual Sandals in Black, suitable for Summer season.","[""Men"", ""Casual"", ""Summer"", ""Black"", ""Sandals""]","{""gender"": ""Men"", ""article_type"": ""Sandals"", ""color"": ""Black"", ""season"": ""Summer"", ""usage"": ""Casual""}"
footwear_0012,footwear,Vans Men Classic Slip-On Purple & Black Shoes,Vans,2750,"Men Casual Casual Shoes in Purple, suitable for Summer season.","[""Men"", ""Casual"", ""Summer"", ""Purple"", ""Casual Shoes""]","{""gender"": ""Men"", ""article_type"": ""Casual Shoes"", ""color"": ""Purple"", ""season"": ""Summer"", ""usage"": ""Casual""}"
footwear_0013,footwear,Nike Men Extra Wilderness Black Orange Sandal,Nike,1431,"Men Casual Sandals in Black, suitable for Summer season.","[""Men"", ""Casual"", ""Summer"", ""Black"", ""Sandals""]","{""gender"": ""Men"", ""article_type"": ""Sandals"", ""color"": ""Black"", ""season"": ""Summer"", ""usage"": ""Casual""}"
footwear_0014,footwear,Arrow Men Camel Brown Sandals,Arrow,2779,"Men Casual Sandals in Brown, suitable for Summer season.","[""Men"", ""Casual"", ""Summer"", ""Brown"", ""Sandals""]","{""gender"": ""Men"", ""article_type"": ""Sandals"", ""color"": ""Brown"", ""season"": ""Summer"", ""usage"": ""Casual""}"
footwear_0015,footwear,Nike Men's Air Compel Black Shoe,Nike,4738,"Men Sports Sports Shoes in Black, suitable for Fall season.","[""Men"", ""Sports"", ""Fall"", ""Black"", ""Sports Shoes""]","{""gender"": ""Men"", ""article_type"": ""Sports Shoes"", ""color"": ""Black"", ""season"": ""Fall"", ""usage"": ""Sports""}"
footwear_0016,footwear,ADIDAS Neo Unisex Court Sequence Black Shoes,ADIDAS Neo,1135,"Unisex Casual Casual Shoes in Black, suitable for Summer season.","[""Unisex"", ""Casual"", ""Summer"", ""Black"", ""Casual Shoes""]","{""gender"": ""Unisex"", ""article_type"": ""Casual Shoes"", ""color"": ""Black"", ""season"": ""Summer"", ""usage"": ""Casual""}"
footwear_0017,footwear,Catwalk Women Blue Shoes,Catwalk,1922,"Women Casual Casual Shoes in Blue, suitable for Winter season.","[""Women"", ""Casual"", ""Winter"", ""Blue"", ""Casual Shoes""]","{""gender"": ""Women"", ""article_type"": ""Casual Shoes"", ""color"": ""Blue"", ""season"": ""Winter"", ""usage"": ""Casual""}"
footwear_0018,footwear,Marvel Boys Red Light Spidey Shoes,Marvel,2779,"Boys Casual Casual Shoes in Red, suitable for Summer season.","[""Boys"", ""Casual"", ""Summer"", ""Red"", ""Casual Shoes""]","{""gender"": ""Boys"", ""article_type"": ""Casual Shoes"", ""color"": ""Red"", ""season"": ""Summer"", ""usage"": ""Casual""}"
footwear_0019,footwear,Converse Men's Oxford Green Shoe,Converse,1514,"Men Casual Casual Shoes in Green, suitable for Summer season.","[""Men"", ""Casual"", ""Summer"", ""Green"", ""Casual Shoes""]","{""gender"": ""Men"", ""article_type"": ""Casual Shoes"", ""color"": ""Green"", ""season"": ""Summer"", ""usage"": ""Casual""}"
footwear_0020,footwear,Skechers Men Planfix-Zeta Charcoal Grey Shoes,Skechers,1326,"Men Casual Casual Shoes in Grey, suitable for Winter season.","[""Men"", ""Casual"", ""Winter"", ""Grey"", ""Casual Shoes""]","{""gender"": ""Men"", ""article_type"": ""Casual Shoes"", ""color"": ""Grey"", ""season"": ""Winter"", ""usage"": ""Casual""}"
footwear_0021,footwear,Skechers Women Blue & Green Sports Shoes,Skechers,2531,"Women Sports Sports Shoes in Blue, suitable for Summer season.","[""Women"", ""Sports"", ""Summer"", ""Blue"", ""Sports Shoes""]","{""gender"": ""Women"", ""article_type"": ""Sports Shoes"", ""color"": ""Blue"", ""season"": ""Summer"", ""usage"": ""Sports""}"
footwear_0022,footwear,Lotto Women Leisure White Blue Shoe,Lotto,1361,"Women Casual Casual Shoes in White, suitable for Summer season.","[""Women"", ""Casual"", ""Summer"", ""White"", ""Casual Shoes""]","{""gender"": ""Women"", ""article_type"": ""Casual Shoes"", ""color"": ""White"", ""season"": ""Summer"", ""usage"": ""Casual""}"
footwear_0023,footwear,Spalding Men's Black and White Graphic Flip Flop,Spalding,2909,"Men Casual Flip Flops in Black, suitable for Summer season.","[""Men"", ""Casual"", ""Summer"", ""Black"", ""Flip Flops""]","{""gender"": ""Men"", ""article_type"": ""Flip Flops"", ""color"": ""Black"", ""season"": ""Summer"", ""usage"": ""Casual""}"
footwear_0024,footwear,ADIDAS Originals Women Rekapi Black Casual Shoes,ADIDAS Originals,2872,"Women Casual Casual Shoes in Black, suitable for Fall season.","[""Women"", ""Casual"", ""Fall"", ""Black"", ""Casual Shoes""]","{""gender"": ""Women"", ""article_type"": ""Casual Shoes"", ""color"": ""Black"", ""season"": ""Fall"", ""usage"": ""Casual""}"
footwear_0025,footwear,Nike Men T-Lite White Sports Shoes,Nike,4762,"Men Sports Sports Shoes in White, suitable for Summer season.","[""Men"", ""Sports"", ""Summer"", ""White"", ""Sports Shoes""]","{""gender"": ""Men"", ""article_type"": ""Sports Shoes"", ""color"": ""White"", ""season"": ""Summer"", ""usage"": ""Sports""}"
footwear_0026,footwear,Skechers Men's Black Lifestyle Shoe,Skechers,702,"Men Casual Casual Shoes in Black, suitable for Winter season.","[""Men"", ""Casual"", ""Winter"", ""Black"", ""Casual Shoes""]","{""gender"": ""Men"", ""article_type"": ""Casual Shoes"", ""color"": ""Black"", ""season"": ""Winter"", ""usage"": ""Casual""}"
footwear_0027,footwear,Puma Men White Axis Sports Shoes,Puma,3453,"Men Sports Sports Shoes in White, suitable for Summer season.","[""Men"", ""Sports"", ""Summer"", ""White"", ""Sports Shoes""]","{""gender"": ""Men"", ""article_type"": ""Sports Shoes"", ""color"": ""White"", ""season"": ""Summer"", ""usage"": ""Sports""}"
footwear_0028,footwear,Numero Uno Women Dark Black Shoe,Numero Uno,2027,"Women Casual Casual Shoes in Black, suitable for Summer season.","[""Women"", ""Casual"", ""Summer"", ""Black"", ""Casual Shoes""]","{""gender"": ""Women"", ""article_type"": ""Casual Shoes"", ""color"": ""Black"", ""season"": ""Summer"", ""usage"": ""Casual""}"
footwear_0029,footwear,Nike Women Black Lunarswift Sports Shoes,Nike,3001,"Women Sports Sports Shoes in Black, suitable for Summer season.","[""Women"", ""Sports"", ""Summer"", ""Black"", ""Sports Shoes""]","{""gender"": ""Women"", ""article_type"": ""Sports Shoes"", ""color"": ""Black"", ""season"": ""Summer"", ""usage"": ""Sports""}"
footwear_0030,footwear,Portia Women Black Heels,Portia,779,"Women Casual Heels in Black, suitable for Winter season.","[""Women"", ""Casual"", ""Winter"", ""Black"", ""Heels""]","{""gender"": ""Women"", ""article_type"": ""Heels"", ""color"": ""Black"", ""season"": ""Winter"", ""usage"": ""Casual""}"
footwear_0031,footwear,Vans Men Brown Shoes,Vans,1158,"Men Casual Casual Shoes in Brown, suitable for Summer season.","[""Men"", ""Casual"", ""Summer"", ""Brown"", ""Casual Shoes""]","{""gender"": ""Men"", ""article_type"": ""Casual Shoes"", ""color"": ""Brown"", ""season"": ""Summer"", ""usage"": ""Casual""}"
footwear_0032,footwear,Nike Women Dow 3 Lea White Sports Shoe,Nike,4805,"Women Sports Sports Shoes in White, suitable for Fall season.","[""Women"", ""Sports"", ""Fall"", ""White"", ""Sports Shoes""]","{""gender"": ""Women"", ""article_type"": ""Sports Shoes"", ""color"": ""White"", ""season"": ""Fall"", ""usage"": ""Sports""}"
footwear_0033,footwear,Catwalk Women Red Flats,Catwalk,2186,"Women Casual Heels in Red, suitable for Winter season.","[""Women"", ""Casual"", ""Winter"", ""Red"", ""Heels""]","{""gender"": ""Women"", ""article_type"": ""Heels"", ""color"": ""Red"", ""season"": ""Winter"", ""usage"": ""Casual""}"
footwear_0034,footwear,Clarks Men Formal Black Formal Shoe,Clarks,2459,"Men Formal Formal Shoes in Black, suitable for Fall season.","[""Men"", ""Formal"", ""Fall"", ""Black"", ""Formal Shoes""]","{""gender"": ""Men"", ""article_type"": ""Formal Shoes"", ""color"": ""Black"", ""season"": ""Fall"", ""usage"": ""Formal""}"
footwear_0035,footwear,Converse Men Brown Casual Shoes,Converse,1680,"Men Casual Casual Shoes in Brown, suitable for Fall season.","[""Men"", ""Casual"", ""Fall"", ""Brown"", ""Casual Shoes""]","{""gender"": ""Men"", ""article_type"": ""Casual Shoes"", ""color"": ""Brown"", ""season"": ""Fall"", ""usage"": ""Casual""}"
footwear_0036,footwear,Reebok Men United Runner White,Reebok,1237,"Men Sports Sports Shoes in White, suitable for Summer season.","[""Men"", ""Sports"", ""Summer"", ""White"", ""Sports Shoes""]","{""gender"": ""Men"", ""article_type"": ""Sports Shoes"", ""color"": ""White"", ""season"": ""Summer"", ""usage"": ""Sports""}"
footwear_0037,footwear,Franco Leone Men Brown Formal Shoes,Franco Leone,2186,"Men Formal Formal Shoes in Brown, suitable for Summer season.","[""Men"", ""Formal"", ""Summer"", ""Brown"", ""Formal Shoes""]","{""gender"": ""Men"", ""article_type"": ""Formal Shoes"", ""color"": ""Brown"", ""season"": ""Summer"", ""usage"": ""Formal""}"
footwear_0038,footwear,Fortune Men Black Casual Shoes,Fortune,1022,"Men Casual Casual Shoes in Black, suitable for Fall season.","[""Men"", ""Casual"", ""Fall"", ""Black"", ""Casual Shoes""]","{""gender"": ""Men"", ""article_type"": ""Casual Shoes"", ""color"": ""Black"", ""season"": ""Fall"", ""usage"": ""Casual""}"
footwear_0039,footwear,Franco Leone Men Casual Tan Sandals,Franco Leone,1050,"Men Casual Sandals in Tan, suitable for Summer season.","[""Men"", ""Casual"", ""Summer"", ""Tan"", ""Sandals""]","{""gender"": ""Men"", ""article_type"": ""Sandals"", ""color"": ""Tan"", ""season"": ""Summer"", ""usage"": ""Casual""}"
footwear_0040,footwear,Lotto  Kids-Boy Jumper  White Sports Shoes,Generic,3997,"Men Sports Sports Shoes in White, suitable for Summer season.","[""Men"", ""Sports"", ""Summer"", ""White"", ""Sports Shoes""]","{""gender"": ""Men"", ""article_type"": ""Sports Shoes"", ""color"": ""White"", ""season"": ""Summer"", ""usage"": ""Sports""}"
footwear_0041,footwear,ADIDAS Men Trx HG Blue Sports Shoes,ADIDAS,2990,"Men Sports Sports Shoes in Blue, suitable for Summer season.","[""Men"", ""Sports"", ""Summer"", ""Blue"", ""Sports Shoes""]","{""gender"": ""Men"", ""article_type"": ""Sports Shoes"", ""color"": ""Blue"", ""season"": ""Summer"", ""usage"": ""Sports""}"
footwear_0042,footwear,Enroute Women Brown Wedges,Enroute,983,"Women Casual Heels in Brown, suitable for Summer season.","[""Women"", ""Casual"", ""Summer"", ""Brown"", ""Heels""]","{""gender"": ""Women"", ""article_type"": ""Heels"", ""color"": ""Brown"", ""season"": ""Summer"", ""usage"": ""Casual""}"
footwear_0043,footwear,iPanema Women Black Flip Flops,iPanema,2881,"Women Casual Flip Flops in Black, suitable for Winter season.","[""Women"", ""Casual"", ""Winter"", ""Black"", ""Flip Flops""]","{""gender"": ""Women"", ""article_type"": ""Flip Flops"", ""color"": ""Black"", ""season"": ""Winter"", ""usage"": ""Casual""}"
footwear_0044,footwear,Marvel Boys Yellow Sandals,Marvel,1215,"Boys Casual Sandals in Yellow, suitable for Fall season.","[""Boys"", ""Casual"", ""Fall"", ""Yellow"", ""Sandals""]","{""gender"": ""Boys"", ""article_type"": ""Sandals"", ""color"": ""Yellow"", ""season"": ""Fall"", ""usage"": ""Casual""}"
footwear_0045,footwear,Gliders Men Black Davis Sports Sandals,Gliders,1225,"Men Casual Sports Sandals in Black, suitable for Fall season.","[""Men"", ""Casual"", ""Fall"", ""Black"", ""Sports Sandals""]","{""gender"": ""Men"", ""article_type"": ""Sports Sandals"", ""color"": ""Black"", ""season"": ""Fall"", ""usage"": ""Casual""}"
footwear_0046,footwear,Clarks Men Rocco Fuse Brown Casual Shoes,Clarks,2646,"Men Casual Casual Shoes in Black, suitable for Fall season.","[""Men"", ""Casual"", ""Fall"", ""Black"", ""Casual Shoes""]","{""gender"": ""Men"", ""article_type"": ""Casual Shoes"", ""color"": ""Black"", ""season"": ""Fall"", ""usage"": ""Casual""}"
footwear_0047,footwear,Numero Uno Men Navy Blue Flip Flop,Numero Uno,2951,"Men Casual Flip Flops in Navy Blue, suitable for Summer season.","[""Men"", ""Casual"", ""Summer"", ""Navy Blue"", ""Flip Flops""]","{""gender"": ""Men"", ""article_type"": ""Flip Flops"", ""color"": ""Navy Blue"", ""season"": ""Summer"", ""usage"": ""Casual""}"
footwear_0048,footwear,Arrow Men Brown Formal Shoes,Arrow,1876,"Men Formal Formal Shoes in Brown, suitable for Summer season.","[""Men"", ""Formal"", ""Summer"", ""Brown"", ""Formal Shoes""]","{""gender"": ""Men"", ""article_type"": ""Formal Shoes"", ""color"": ""Brown"", ""season"": ""Summer"", ""usage"": ""Formal""}"
footwear_0049,footwear,Nike Men Wardour Chukka Yellow Casual Shoes,Nike,1785,"Men Casual Casual Shoes in Yellow, suitable for Summer season.","[""Men"", ""Casual"", ""Summer"", ""Yellow"", ""Casual Shoes""]","{""gender"": ""Men"", ""article_type"": ""Casual Shoes"", ""color"": ""Yellow"", ""season"": ""Summer"", ""usage"": ""Casual""}"
footwear_0050,footwear,Skechers Men Black Casual Shoes,Skechers,2861,"Men Casual Casual Shoes in Black, suitable for Summer season.","[""Men"", ""Casual"", ""Summer"", ""Black"", ""Casual Shoes""]","{""gender"": ""Men"", ""article_type"": ""Casual Shoes"", ""color"": ""Black"", ""season"": ""Summer"", ""usage"": ""Casual""}"
footwear_0051,footwear,Catwalk Women Off-White and Blue Pumps,Catwalk,2433,"Women Casual Casual Shoes in Off White, suitable for Winter season.","[""Women"", ""Casual"", ""Winter"", ""Off White"", ""Casual Shoes""]","{""gender"": ""Women"", ""article_type"": ""Casual Shoes"", ""color"": ""Off White"", ""season"": ""Winter"", ""usage"": ""Casual""}"
footwear_0052,footwear,Puma Women Bodytrain Black Sports Shoes,Puma,4950,"Women Sports Sports Shoes in Black, suitable for Summer season.","[""Women"", ""Sports"", ""Summer"", ""Black"", ""Sports Shoes""]","{""gender"": ""Women"", ""article_type"": ""Sports Shoes"", ""color"": ""Black"", ""season"": ""Summer"", ""usage"": ""Sports""}"
footwear_0053,footwear,Spinn Women Alliance Blue Sports Shoes,Spinn,1867,"Women Sports Sports Shoes in Blue, suitable for Spring season.","[""Women"", ""Sports"", ""Spring"", ""Blue"", ""Sports Shoes""]","{""gender"": ""Women"", ""article_type"": ""Sports Shoes"", ""color"": ""Blue"", ""season"": ""Spring"", ""usage"": ""Sports""}"
footwear_0054,footwear,ID Men Red & White Shoes,ID,2908,"Men Casual Casual Shoes in Red, suitable for Fall season.","[""Men"", ""Casual"", ""Fall"", ""Red"", ""Casual Shoes""]","{""gender"": ""Men"", ""article_type"": ""Casual Shoes"", ""color"": ""Red"", ""season"": ""Fall"", ""usage"": ""Casual""}"
footwear_0055,footwear,Puma Men Cell Varex White Sports Shoes,Puma,4093,"Men Sports Sports Shoes in White, suitable for Summer season.","[""Men"", ""Sports"", ""Summer"", ""White"", ""Sports Shoes""]","{""gender"": ""Men"", ""article_type"": ""Sports Shoes"", ""color"": ""White"", ""season"": ""Summer"", ""usage"": ""Sports""}"
footwear_0056,footwear,Puma Men Future Cat Remix SF White Sports Shoes,Puma,3989,"Men Sports Sports Shoes in White, suitable for Fall season.","[""Men"", ""Sports"", ""Fall"", ""White"", ""Sports Shoes""]","{""gender"": ""Men"", ""article_type"": ""Sports Shoes"", ""color"": ""White"", ""season"": ""Fall"", ""usage"": ""Sports""}"
footwear_0057,footwear,Red Tape Men Black Shoes,Red Tape,1523,"Men Casual Casual Shoes in Black, suitable for Winter season.","[""Men"", ""Casual"", ""Winter"", ""Black"", ""Casual Shoes""]","{""gender"": ""Men"", ""article_type"": ""Casual Shoes"", ""color"": ""Black"", ""season"": ""Winter"", ""usage"": ""Casual""}"
footwear_0058,footwear,Red Tape Men Black Shoes,Red Tape,1976,"Men Casual Formal Shoes in Black, suitable for Winter season.","[""Men"", ""Casual"", ""Winter"", ""Black"", ""Formal Shoes""]","{""gender"": ""Men"", ""article_type"": ""Formal Shoes"", ""color"": ""Black"", ""season"": ""Winter"", ""usage"": ""Casual""}"
footwear_0059,footwear,Catwalk Women Black Shoe,Catwalk,2334,"Women Casual Flats in Black, suitable for Winter season.","[""Women"", ""Casual"", ""Winter"", ""Black"", ""Flats""]","{""gender"": ""Women"", ""article_type"": ""Flats"", ""color"": ""Black"", ""season"": ""Winter"", ""usage"": ""Casual""}"
footwear_0060,footwear,Reebok Men Frazer Navy Floater,Reebok,2229,"Men Casual Sandals in Navy Blue, suitable for Summer season.","[""Men"", ""Casual"", ""Summer"", ""Navy Blue"", ""Sandals""]","{""gender"": ""Men"", ""article_type"": ""Sandals"", ""color"": ""Navy Blue"", ""season"": ""Summer"", ""usage"": ""Casual""}"
footwear_0061,footwear,ADIDAS Women Phantom Low Pink Grey White Shoe,ADIDAS,2794,"Women Sports Sports Shoes in White, suitable for Summer season.","[""Women"", ""Sports"", ""Summer"", ""White"", ""Sports Shoes""]","{""gender"": ""Women"", ""article_type"": ""Sports Shoes"", ""color"": ""White"", ""season"": ""Summer"", ""usage"": ""Sports""}"
footwear_0062,footwear,Nike Women Pink Air Deschutz Sandals,Nike,2819,"Women Casual Sports Sandals in Pink, suitable for Summer season.","[""Women"", ""Casual"", ""Summer"", ""Pink"", ""Sports Sandals""]","{""gender"": ""Women"", ""article_type"": ""Sports Sandals"", ""color"": ""Pink"", ""season"": ""Summer"", ""usage"": ""Casual""}"
footwear_0063,footwear,Lotto Women Primavera Purple Slipper,Lotto,2549,"Women Casual Flip Flops in Purple, suitable for Fall season.","[""Women"", ""Casual"", ""Fall"", ""Purple"", ""Flip Flops""]","{""gender"": ""Women"", ""article_type"": ""Flip Flops"", ""color"": ""Purple"", ""season"": ""Fall"", ""usage"": ""Casual""}"
footwear_0064,footwear,Coolers Men Black Sandals,Coolers,1195,"Men Casual Sandals in Black, suitable for Summer season.","[""Men"", ""Casual"", ""Summer"", ""Black"", ""Sandals""]","{""gender"": ""Men"", ""article_type"": ""Sandals"", ""color"": ""Black"", ""season"": ""Summer"", ""usage"": ""Casual""}"
footwear_0065,footwear,Lotto Unisex Canvas Purple Yellow Shoe,Lotto,1715,"Unisex Casual Casual Shoes in Blue, suitable for Summer season.","[""Unisex"", ""Casual"", ""Summer"", ""Blue"", ""Casual Shoes""]","{""gender"": ""Unisex"", ""article_type"": ""Casual Shoes"", ""color"": ""Blue"", ""season"": ""Summer"", ""usage"": ""Casual""}"
footwear_0066,footwear,Vans Men Navy Blue Michoacan Shoes,Vans,1620,"Men Casual Casual Shoes in Navy Blue, suitable for Summer season.","[""Men"", ""Casual"", ""Summer"", ""Navy Blue"", ""Casual Shoes""]","{""gender"": ""Men"", ""article_type"": ""Casual Shoes"", ""color"": ""Navy Blue"", ""season"": ""Summer"", ""usage"": ""Casual""}"
footwear_0067,footwear,Vans Unisex Classic Slip-On Red & Black Shoes,Vans,962,"Unisex Casual Casual Shoes in Red, suitable for Summer season.","[""Unisex"", ""Casual"", ""Summer"", ""Red"", ""Casual Shoes""]","{""gender"": ""Unisex"", ""article_type"": ""Casual Shoes"", ""color"": ""Red"", ""season"": ""Summer"", ""usage"": ""Casual""}"
footwear_0068,footwear,Converse Unisex Canvas Hi White Shoe,Converse,2084,"Unisex Casual Casual Shoes in White, suitable for Fall season.","[""Unisex"", ""Casual"", ""Fall"", ""White"", ""Casual Shoes""]","{""gender"": ""Unisex"", ""article_type"": ""Casual Shoes"", ""color"": ""White"", ""season"": ""Fall"", ""usage"": ""Casual""}"
footwear_0069,footwear,Enroute Men Leather Black Sandals,Enroute,786,"Men Casual Sandals in Black, suitable for Fall season.","[""Men"", ""Casual"", ""Fall"", ""Black"", ""Sandals""]","{""gender"": ""Men"", ""article_type"": ""Sandals"", ""color"": ""Black"", ""season"": ""Fall"", ""usage"": ""Casual""}"
footwear_0070,footwear,Cobblerz Women White Sandals,Cobblerz,2968,"Women Casual Heels in White, suitable for Summer season.","[""Women"", ""Casual"", ""Summer"", ""White"", ""Heels""]","{""gender"": ""Women"", ""article_type"": ""Heels"", ""color"": ""White"", ""season"": ""Summer"", ""usage"": ""Casual""}"
footwear_0071,footwear,Lotto Men White Sports Shoes,Lotto,1942,"Men Sports Sports Shoes in White, suitable for Summer season.","[""Men"", ""Sports"", ""Summer"", ""White"", ""Sports Shoes""]","{""gender"": ""Men"", ""article_type"": ""Sports Shoes"", ""color"": ""White"", ""season"": ""Summer"", ""usage"": ""Sports""}"
footwear_0072,footwear,Reebok Men Black Varsity Casual Shoes,Reebok,1602,"Men Casual Casual Shoes in Black, suitable for Summer season.","[""Men"", ""Casual"", ""Summer"", ""Black"", ""Casual Shoes""]","{""gender"": ""Men"", ""article_type"": ""Casual Shoes"", ""color"": ""Black"", ""season"": ""Summer"", ""usage"": ""Casual""}"
footwear_0073,footwear,Puma Men Helium Black Sandals,Puma,729,"Men Casual Sandals in Black, suitable for Summer season.","[""Men"", ""Casual"", ""Summer"", ""Black"", ""Sandals""]","{""gender"": ""Men"", ""article_type"": ""Sandals"", ""color"": ""Black"", ""season"": ""Summer"", ""usage"": ""Casual""}"
footwear_0074,footwear,Lotto Men Black Futura Sports Shoes,Lotto,1290,"Men Sports Sports Shoes in Black, suitable for Summer season.","[""Men"", ""Sports"", ""Summer"", ""Black"", ""Sports Shoes""]","{""gender"": ""Men"", ""article_type"": ""Sports Shoes"", ""color"": ""Black"", ""season"": ""Summer"", ""usage"": ""Sports""}"
footwear_0075,footwear,FILA Men Black Temptation Sports Shoes,FILA,3899,"Men Sports Sports Shoes in Black, suitable for Fall season.","[""Men"", ""Sports"", ""Fall"", ""Black"", ""Sports Shoes""]","{""gender"": ""Men"", ""article_type"": ""Sports Shoes"", ""color"": ""Black"", ""season"": ""Fall"", ""usage"": ""Sports""}"
footwear_0076,footwear,Marvel Boys Red Flip Flop,Marvel,941,"Boys Casual Flip Flops in Red, suitable for Winter season.","[""Boys"", ""Casual"", ""Winter"", ""Red"", ""Flip Flops""]","{""gender"": ""Boys"", ""article_type"": ""Flip Flops"", ""color"": ""Red"", ""season"": ""Winter"", ""usage"": ""Casual""}"
footwear_0077,footwear,Lotto Men Black Zeus Sandals,Lotto,1637,"Men Casual Sandals in Black, suitable for Summer season.","[""Men"", ""Casual"", ""Summer"", ""Black"", ""Sandals""]","{""gender"": ""Men"", ""article_type"": ""Sandals"", ""color"": ""Black"", ""season"": ""Summer"", ""usage"": ""Casual""}"
footwear_0078,footwear,Clarks Men Hang Work Leather Black Formal Shoes,Clarks,1476,"Men Formal Formal Shoes in Black, suitable for Fall season.","[""Men"", ""Formal"", ""Fall"", ""Black"", ""Formal Shoes""]","{""gender"": ""Men"", ""article_type"": ""Formal Shoes"", ""color"": ""Black"", ""season"": ""Fall"", ""usage"": ""Formal""}"
footwear_0079,footwear,Franco Leone Men Brown Sandals,Franco Leone,828,"Men Casual Sandals in Brown, suitable for Summer season.","[""Men"", ""Casual"", ""Summer"", ""Brown"", ""Sandals""]","{""gender"": ""Men"", ""article_type"": ""Sandals"", ""color"": ""Brown"", ""season"": ""Summer"", ""usage"": ""Casual""}"
footwear_0080,footwear,Nike Women Air Rift Grey Shoes,Nike,2053,"Women Casual Casual Shoes in Grey, suitable for Summer season.","[""Women"", ""Casual"", ""Summer"", ""Grey"", ""Casual Shoes""]","{""gender"": ""Women"", ""article_type"": ""Casual Shoes"", ""color"": ""Grey"", ""season"": ""Summer"", ""usage"": ""Casual""}"
footwear_0081,footwear,Provogue Men Brown Casual Shoes,Provogue,990,"Men Casual Casual Shoes in Brown, suitable for Fall season.","[""Men"", ""Casual"", ""Fall"", ""Brown"", ""Casual Shoes""]","{""gender"": ""Men"", ""article_type"": ""Casual Shoes"", ""color"": ""Brown"", ""season"": ""Fall"", ""usage"": ""Casual""}"
footwear_0082,footwear,Lotto Men Silver Madrid Sports Shoes,Lotto,3105,"Men Sports Sports Shoes in Silver, suitable for Summer season.","[""Men"", ""Sports"", ""Summer"", ""Silver"", ""Sports Shoes""]","{""gender"": ""Men"", ""article_type"": ""Sports Shoes"", ""color"": ""Silver"", ""season"": ""Summer"", ""usage"": ""Sports""}"
footwear_0083,footwear,Nike Men T-Lite 9 SL White Sports Shoes,Nike,1974,"Men Sports Sports Shoes in White, suitable for Fall season.","[""Men"", ""Sports"", ""Fall"", ""White"", ""Sports Shoes""]","{""gender"": ""Men"", ""article_type"": ""Sports Shoes"", ""color"": ""White"", ""season"": ""Fall"", ""usage"": ""Sports""}"
footwear_0084,footwear,Quechua Arpenaz  300,Generic,2140,"Men Sports Sports Shoes in Brown, suitable for Fall season.","[""Men"", ""Sports"", ""Fall"", ""Brown"", ""Sports Shoes""]","{""gender"": ""Men"", ""article_type"": ""Sports Shoes"", ""color"": ""Brown"", ""season"": ""Fall"", ""usage"": ""Sports""}"
footwear_0085,footwear,Nike Men Air Max Quarter White Sports Shoes,Nike,3740,"Men Sports Sports Shoes in White, suitable for Summer season.","[""Men"", ""Sports"", ""Summer"", ""White"", ""Sports Shoes""]","{""gender"": ""Men"", ""article_type"": ""Sports Shoes"", ""color"": ""White"", ""season"": ""Summer"", ""usage"": ""Sports""}"
footwear_0086,footwear,Franco Leone Men Formal Black Shoes,Franco Leone,3188,"Men Formal Formal Shoes in Black, suitable for Summer season.","[""Men"", ""Formal"", ""Summer"", ""Black"", ""Formal Shoes""]","{""gender"": ""Men"", ""article_type"": ""Formal Shoes"", ""color"": ""Black"", ""season"": ""Summer"", ""usage"": ""Formal""}"
footwear_0087,footwear,Franco Leone Men Brown Formal Shoes,Franco Leone,2077,"Men Formal Formal Shoes in Brown, suitable for Summer season.","[""Men"", ""Formal"", ""Summer"", ""Brown"", ""Formal Shoes""]","{""gender"": ""Men"", ""article_type"": ""Formal Shoes"", ""color"": ""Brown"", ""season"": ""Summer"", ""usage"": ""Formal""}"
footwear_0088,footwear,ADIDAS Men Henrio Grey Red Floater,ADIDAS,2908,"Men Casual Sandals in Grey, suitable for Summer season.","[""Men"", ""Casual"", ""Summer"", ""Grey"", ""Sandals""]","{""gender"": ""Men"", ""article_type"": ""Sandals"", ""color"": ""Grey"", ""season"": ""Summer"", ""usage"": ""Casual""}"
footwear_0089,footwear,Puma Men Eco ortholite Blue Casual Shoes,Puma,1241,"Men Casual Casual Shoes in Blue, suitable for Fall season.","[""Men"", ""Casual"", ""Fall"", ""Blue"", ""Casual Shoes""]","{""gender"": ""Men"", ""article_type"": ""Casual Shoes"", ""color"": ""Blue"", ""season"": ""Fall"", ""usage"": ""Casual""}"
footwear_0090,footwear,Reebok Men Aviator LP White Sports Shoes,Reebok,3962,"Men Sports Sports Shoes in White, suitable for Summer season.","[""Men"", ""Sports"", ""Summer"", ""White"", ""Sports Shoes""]","{""gender"": ""Men"", ""article_type"": ""Sports Shoes"", ""color"": ""White"", ""season"": ""Summer"", ""usage"": ""Sports""}"
footwear_0091,footwear,United Colors of Benetton Women Pink Sandals,United Colors of Benetton,2636,"Women Casual Flats in Pink, suitable for Summer season.","[""Women"", ""Casual"", ""Summer"", ""Pink"", ""Flats""]","{""gender"": ""Women"", ""article_type"": ""Flats"", ""color"": ""Pink"", ""season"": ""Summer"", ""usage"": ""Casual""}"
footwear_0092,footwear,Nike Men Braata Canvas Red Casual Shoes,Nike,1695,"Men Casual Casual Shoes in Maroon, suitable for Summer season.","[""Men"", ""Casual"", ""Summer"", ""Maroon"", ""Casual Shoes""]","{""gender"": ""Men"", ""article_type"": ""Casual Shoes"", ""color"": ""Maroon"", ""season"": ""Summer"", ""usage"": ""Casual""}"
footwear_0093,footwear,Vans Men Black Casual Shoes,Vans,2637,"Men Casual Casual Shoes in Black, suitable for Summer season.","[""Men"", ""Casual"", ""Summer"", ""Black"", ""Casual Shoes""]","{""gender"": ""Men"", ""article_type"": ""Casual Shoes"", ""color"": ""Black"", ""season"": ""Summer"", ""usage"": ""Casual""}"
footwear_0094,footwear,Puma Men Axis White Sports Shoes,Puma,4307,"Men Sports Sports Shoes in White, suitable for Fall season.","[""Men"", ""Sports"", ""Fall"", ""White"", ""Sports Shoes""]","{""gender"": ""Men"", ""article_type"": ""Sports Shoes"", ""color"": ""White"", ""season"": ""Fall"", ""usage"": ""Sports""}"
footwear_0095,footwear,Lee Cooper Men's Semi Formal Black Shoe,Lee Cooper,2367,"Men Casual Casual Shoes in Black, suitable for Summer season.","[""Men"", ""Casual"", ""Summer"", ""Black"", ""Casual Shoes""]","{""gender"": ""Men"", ""article_type"": ""Casual Shoes"", ""color"": ""Black"", ""season"": ""Summer"", ""usage"": ""Casual""}"
footwear_0096,footwear,Catwalk Women Buckel Brown Heels,Catwalk,1479,"Women Casual Heels in Brown, suitable for Winter season.","[""Women"", ""Casual"", ""Winter"", ""Brown"", ""Heels""]","{""gender"": ""Women"", ""article_type"": ""Heels"", ""color"": ""Brown"", ""season"": ""Winter"", ""usage"": ""Casual""}"
footwear_0097,footwear,Red Chief Men Black Casual Shoes,Red Chief,1086,"Men Casual Casual Shoes in Black, suitable for Winter season.","[""Men"", ""Casual"", ""Winter"", ""Black"", ""Casual Shoes""]","{""gender"": ""Men"", ""article_type"": ""Casual Shoes"", ""color"": ""Black"", ""season"": ""Winter"", ""usage"": ""Casual""}"
footwear_0098,footwear,Lotto Men White Sports Shoes,Lotto,1397,"Men Sports Sports Shoes in White, suitable for Summer season.","[""Men"", ""Sports"", ""Summer"", ""White"", ""Sports Shoes""]","{""gender"": ""Men"", ""article_type"": ""Sports Shoes"", ""color"": ""White"", ""season"": ""Summer"", ""usage"": ""Sports""}"
footwear_0099,footwear,Rocia Women White & Black Flats,Rocia,2465,"Women Casual Flats in White, suitable for Winter season.","[""Women"", ""Casual"", ""Winter"", ""White"", ""Flats""]","{""gender"": ""Women"", ""article_type"": ""Flats"", ""color"": ""White"", ""season"": ""Winter"", ""usage"": ""Casual""}"
footwear_0100,footwear,Puma Men Powercat 4.12 White Sports Shoes,Puma,2451,"Men Sports Sports Shoes in White, suitable for Summer season.","[""Men"", ""Sports"", ""Summer"", ""White"", ""Sports Shoes""]","{""gender"": ""Men"", ""article_type"": ""Sports Shoes"", ""color"": ""White"", ""season"": ""Summer"", ""usage"": ""Sports""}"
footwear_0101,footwear,Playboy Men Casual Blue Casual Shoes,Playboy,2434,"Men Casual Casual Shoes in Blue, suitable for Fall season.","[""Men"", ""Casual"", ""Fall"", ""Blue"", ""Casual Shoes""]","{""gender"": ""Men"", ""article_type"": ""Casual Shoes"", ""color"": ""Blue"", ""season"": ""Fall"", ""usage"": ""Casual""}"
footwear_0102,footwear,Playboy Men Military Green Boat Shoes,Playboy,2383,"Men Casual Casual Shoes in Green, suitable for Spring season.","[""Men"", ""Casual"", ""Spring"", ""Green"", ""Casual Shoes""]","{""gender"": ""Men"", ""article_type"": ""Casual Shoes"", ""color"": ""Green"", ""season"": ""Spring"", ""usage"": ""Casual""}"
footwear_0103,footwear,Lee Cooper Men Formal Black Shoes,Lee Cooper,3112,"Men Formal Formal Shoes in Black, suitable for Fall season.","[""Men"", ""Formal"", ""Fall"", ""Black"", ""Formal Shoes""]","{""gender"": ""Men"", ""article_type"": ""Formal Shoes"", ""color"": ""Black"", ""season"": ""Fall"", ""usage"": ""Formal""}"
footwear_0104,footwear,Catwalk Women Gold Heels,Catwalk,921,"Women Casual Heels in Gold, suitable for Winter season.","[""Women"", ""Casual"", ""Winter"", ""Gold"", ""Heels""]","{""gender"": ""Women"", ""article_type"": ""Heels"", ""color"": ""Gold"", ""season"": ""Winter"", ""usage"": ""Casual""}"
footwear_0105,footwear,Crocs Men's Tideline Canvas Black Shoe,Crocs,1103,"Men Casual Casual Shoes in Black, suitable for Summer season.","[""Men"", ""Casual"", ""Summer"", ""Black"", ""Casual Shoes""]","{""gender"": ""Men"", ""article_type"": ""Casual Shoes"", ""color"": ""Black"", ""season"": ""Summer"", ""usage"": ""Casual""}"
footwear_0106,footwear,Red Tape Men Brown Shoes,Red Tape,948,"Men Casual Casual Shoes in Brown, suitable for Winter season.","[""Men"", ""Casual"", ""Winter"", ""Brown"", ""Casual Shoes""]","{""gender"": ""Men"", ""article_type"": ""Casual Shoes"", ""color"": ""Brown"", ""season"": ""Winter"", ""usage"": ""Casual""}"
footwear_0107,footwear,ADIDAS Men Color Blast Lead Red Shoe,ADIDAS,2349,"Men Casual Casual Shoes in Red, suitable for Summer season.","[""Men"", ""Casual"", ""Summer"", ""Red"", ""Casual Shoes""]","{""gender"": ""Men"", ""article_type"": ""Casual Shoes"", ""color"": ""Red"", ""season"": ""Summer"", ""usage"": ""Casual""}"
footwear_0108,footwear,FILA Men Trempet Black & White Sports Shoes,FILA,3982,"Men Sports Sports Shoes in Black, suitable for Summer season.","[""Men"", ""Sports"", ""Summer"", ""Black"", ""Sports Shoes""]","{""gender"": ""Men"", ""article_type"": ""Sports Shoes"", ""color"": ""Black"", ""season"": ""Summer"", ""usage"": ""Sports""}"
footwear_0109,footwear,Fila Unisex Glory Olive Lemon Yellow Floater,Fila,2089,"Unisex Casual Sandals in Green, suitable for Fall season.","[""Unisex"", ""Casual"", ""Fall"", ""Green"", ""Sandals""]","{""gender"": ""Unisex"", ""article_type"": ""Sandals"", ""color"": ""Green"", ""season"": ""Fall"", ""usage"": ""Casual""}"
footwear_0110,footwear,F Sports Men White Colt Shoes,F Sports,1147,"Men Casual Casual Shoes in White, suitable for Fall season.","[""Men"", ""Casual"", ""Fall"", ""White"", ""Casual Shoes""]","{""gender"": ""Men"", ""article_type"": ""Casual Shoes"", ""color"": ""White"", ""season"": ""Fall"", ""usage"": ""Casual""}"
footwear_0111,footwear,Portia Women Maroon Flats,Portia,1009,"Women Ethnic Flats in Maroon, suitable for Winter season.","[""Women"", ""Ethnic"", ""Winter"", ""Maroon"", ""Flats""]","{""gender"": ""Women"", ""article_type"": ""Flats"", ""color"": ""Maroon"", ""season"": ""Winter"", ""usage"": ""Ethnic""}"
footwear_0112,footwear,Nike Men Toki Canvas Red Casual Shoes,Nike,1484,"Men Casual Casual Shoes in Red, suitable for Fall season.","[""Men"", ""Casual"", ""Fall"", ""Red"", ""Casual Shoes""]","{""gender"": ""Men"", ""article_type"": ""Casual Shoes"", ""color"": ""Red"", ""season"": ""Fall"", ""usage"": ""Casual""}"
footwear_0113,footwear,FILA Men Black Flow Verve Sports Shoes,FILA,1779,"Men Sports Sports Shoes in Black, suitable for Summer season.","[""Men"", ""Sports"", ""Summer"", ""Black"", ""Sports Shoes""]","{""gender"": ""Men"", ""article_type"": ""Sports Shoes"", ""color"": ""Black"", ""season"": ""Summer"", ""usage"": ""Sports""}"
footwear_0114,footwear,Lee Cooper Men Nnado Black Formal Shoes,Lee Cooper,3396,"Men Formal Formal Shoes in Black, suitable for Fall season.","[""Men"", ""Formal"", ""Fall"", ""Black"", ""Formal Shoes""]","{""gender"": ""Men"", ""article_type"": ""Formal Shoes"", ""color"": ""Black"", ""season"": ""Fall"", ""usage"": ""Formal""}"
footwear_0115,footwear,Catwalk Women Ruffles Blue Wedges,Catwalk,2537,"Women Casual Heels in Blue, suitable for Winter season.","[""Women"", ""Casual"", ""Winter"", ""Blue"", ""Heels""]","{""gender"": ""Women"", ""article_type"": ""Heels"", ""color"": ""Blue"", ""season"": ""Winter"", ""usage"": ""Casual""}"
footwear_0116,footwear,Puma Men Black & Green Aripon Ind Sports Sandals,Puma,1274,"Men Casual Sports Sandals in Black, suitable for Winter season.","[""Men"", ""Casual"", ""Winter"", ""Black"", ""Sports Sandals""]","{""gender"": ""Men"", ""article_type"": ""Sports Sandals"", ""color"": ""Black"", ""season"": ""Winter"", ""usage"": ""Casual""}"
footwear_0117,footwear,Puma Men Drift White Casual Shoes,Puma,2428,"Men Casual Casual Shoes in White, suitable for Summer season.","[""Men"", ""Casual"", ""Summer"", ""White"", ""Casual Shoes""]","{""gender"": ""Men"", ""article_type"": ""Casual Shoes"", ""color"": ""White"", ""season"": ""Summer"", ""usage"": ""Casual""}"
footwear_0118,footwear,Fila Men Notch White Sports Shoes,Fila,1751,"Men Sports Sports Shoes in White, suitable for Fall season.","[""Men"", ""Sports"", ""Fall"", ""White"", ""Sports Shoes""]","{""gender"": ""Men"", ""article_type"": ""Sports Shoes"", ""color"": ""White"", ""season"": ""Fall"", ""usage"": ""Sports""}"
footwear_0119,footwear,Lotto Men Black Acro Sports Shoes,Lotto,2140,"Men Sports Sports Shoes in Black, suitable for Fall season.","[""Men"", ""Sports"", ""Fall"", ""Black"", ""Sports Shoes""]","{""gender"": ""Men"", ""article_type"": ""Sports Shoes"", ""color"": ""Black"", ""season"": ""Fall"", ""usage"": ""Sports""}"
